{
    "DataMaker": {
        "badSignals": {
            "::ffff:127.0.0.1": {
                "1530208609953": {
                    "a1ca3110-7afc-11e8-9ad5-f12b95a217f0": {
                        "ip": "::ffff:127.0.0.1",
                        "body": {
                            "login": true,
                            "tree": "ChartMaker",
                            "key": "ChartMeUp"
                        }
                    }
                },
                "1530209006307": {
                    "8e090330-7afd-11e8-8ea6-19082ba38aab": {
                        "ip": "::ffff:127.0.0.1",
                        "body": {
                            "login": true,
                            "tree": "ChartMaker",
                            "key": "ChartMeUp"
                        }
                    }
                },
                "1530209099089": {
                    "c5566c10-7afd-11e8-b4f7-b19410ee877b": {
                        "ip": "::ffff:127.0.0.1",
                        "body": {
                            "login": true,
                            "tree": "ChartMaker",
                            "key": "ChartMeUp"
                        }
                    }
                },
                "1530209277582": {
                    "2fba4ae0-7afe-11e8-818d-47ce08cd4b00": {
                        "ip": "::ffff:127.0.0.1",
                        "body": {
                            "login": true,
                            "tree": "ChartMaker",
                            "key": "ChartMeUp"
                        }
                    }
                },
                "1530209414097": {
                    "81192230-7afe-11e8-8560-2582a2ef6274": {
                        "ip": "::ffff:127.0.0.1",
                        "body": {
                            "login": true,
                            "tree": "ChartMaker",
                            "key": "ChartMeUp"
                        }
                    }
                },
                "1530209491205": {
                    "af0e9350-7afe-11e8-a3d7-bbc5308739fc": {
                        "ip": "::ffff:127.0.0.1",
                        "body": {
                            "login": true,
                            "tree": "ChartMaker",
                            "key": "ChartMeUp"
                        }
                    }
                },
                "1530209620851": {
                    "fc54fc30-7afe-11e8-9464-f997b4241d92": {
                        "ip": "::ffff:127.0.0.1",
                        "body": {
                            "isValid": true,
                            "tree": "ChartMaker"
                        }
                    }
                },
                "1530209731576": {
                    "3e544780-7aff-11e8-9438-c162617741af": {
                        "ip": "::ffff:127.0.0.1",
                        "body": {
                            "isValid": true,
                            "tree": "ChartMaker"
                        }
                    }
                },
                "1530209731961": {
                    "3e8f0690-7aff-11e8-9438-c162617741af": {
                        "ip": "::ffff:127.0.0.1",
                        "body": {
                            "isValid": true,
                            "tree": "ChartMaker"
                        }
                    }
                },
                "1530209732334": {
                    "3ec7f0e0-7aff-11e8-9438-c162617741af": {
                        "ip": "::ffff:127.0.0.1",
                        "body": {
                            "isValid": true,
                            "tree": "ChartMaker"
                        }
                    }
                },
                "1530209732716": {
                    "3f023ac0-7aff-11e8-9438-c162617741af": {
                        "ip": "::ffff:127.0.0.1",
                        "body": {
                            "isValid": true,
                            "tree": "ChartMaker"
                        }
                    }
                },
                "1530209733102": {
                    "3f3d20e0-7aff-11e8-9438-c162617741af": {
                        "ip": "::ffff:127.0.0.1",
                        "body": {
                            "isValid": true,
                            "tree": "ChartMaker"
                        }
                    }
                },
                "1530209733476": {
                    "3f763240-7aff-11e8-9438-c162617741af": {
                        "ip": "::ffff:127.0.0.1",
                        "body": {
                            "isValid": true,
                            "tree": "ChartMaker"
                        }
                    }
                },
                "1530209733856": {
                    "3fb02e00-7aff-11e8-9438-c162617741af": {
                        "ip": "::ffff:127.0.0.1",
                        "body": {
                            "isValid": true,
                            "tree": "ChartMaker"
                        }
                    }
                },
                "1530209734233": {
                    "3fe9b490-7aff-11e8-9438-c162617741af": {
                        "ip": "::ffff:127.0.0.1",
                        "body": {
                            "isValid": true,
                            "tree": "ChartMaker"
                        }
                    }
                },
                "1530209734604": {
                    "402250c0-7aff-11e8-9438-c162617741af": {
                        "ip": "::ffff:127.0.0.1",
                        "body": {
                            "isValid": true,
                            "tree": "ChartMaker"
                        }
                    }
                },
                "1530209734972": {
                    "405a77c0-7aff-11e8-9438-c162617741af": {
                        "ip": "::ffff:127.0.0.1",
                        "body": {
                            "isValid": true,
                            "tree": "ChartMaker"
                        }
                    }
                },
                "1530209735362": {
                    "4095fa20-7aff-11e8-9438-c162617741af": {
                        "ip": "::ffff:127.0.0.1",
                        "body": {
                            "isValid": true,
                            "tree": "ChartMaker"
                        }
                    }
                },
                "1530209735762": {
                    "40d30320-7aff-11e8-9438-c162617741af": {
                        "ip": "::ffff:127.0.0.1",
                        "body": {
                            "isValid": true,
                            "tree": "ChartMaker"
                        }
                    }
                },
                "1530209736174": {
                    "4111e0e0-7aff-11e8-9438-c162617741af": {
                        "ip": "::ffff:127.0.0.1",
                        "body": {
                            "isValid": true,
                            "tree": "ChartMaker"
                        }
                    }
                },
                "1530209736558": {
                    "414c78e0-7aff-11e8-9438-c162617741af": {
                        "ip": "::ffff:127.0.0.1",
                        "body": {
                            "isValid": true,
                            "tree": "ChartMaker"
                        }
                    }
                },
                "1530209736976": {
                    "418c4100-7aff-11e8-9438-c162617741af": {
                        "ip": "::ffff:127.0.0.1",
                        "body": {
                            "isValid": true,
                            "tree": "ChartMaker"
                        }
                    }
                },
                "1530209737340": {
                    "41c3cbc0-7aff-11e8-9438-c162617741af": {
                        "ip": "::ffff:127.0.0.1",
                        "body": {
                            "isValid": true,
                            "tree": "ChartMaker"
                        }
                    }
                },
                "1530209737733": {
                    "41ffc350-7aff-11e8-9438-c162617741af": {
                        "ip": "::ffff:127.0.0.1",
                        "body": {
                            "isValid": true,
                            "tree": "ChartMaker"
                        }
                    }
                },
                "1530209738130": {
                    "423c5720-7aff-11e8-9438-c162617741af": {
                        "ip": "::ffff:127.0.0.1",
                        "body": {
                            "isValid": true,
                            "tree": "ChartMaker"
                        }
                    }
                },
                "1530209738509": {
                    "42762bd0-7aff-11e8-9438-c162617741af": {
                        "ip": "::ffff:127.0.0.1",
                        "body": {
                            "isValid": true,
                            "tree": "ChartMaker"
                        }
                    }
                },
                "1530209738904": {
                    "42b27180-7aff-11e8-9438-c162617741af": {
                        "ip": "::ffff:127.0.0.1",
                        "body": {
                            "isValid": true,
                            "tree": "ChartMaker"
                        }
                    }
                },
                "1530209739383": {
                    "42fb8870-7aff-11e8-9438-c162617741af": {
                        "ip": "::ffff:127.0.0.1",
                        "body": {
                            "isValid": true,
                            "tree": "ChartMaker"
                        }
                    }
                },
                "1530209739802": {
                    "433b77a0-7aff-11e8-9438-c162617741af": {
                        "ip": "::ffff:127.0.0.1",
                        "body": {
                            "isValid": true,
                            "tree": "ChartMaker"
                        }
                    }
                },
                "1530209740177": {
                    "4374b010-7aff-11e8-9438-c162617741af": {
                        "ip": "::ffff:127.0.0.1",
                        "body": {
                            "isValid": true,
                            "tree": "ChartMaker"
                        }
                    }
                },
                "1530209740574": {
                    "43b143e0-7aff-11e8-9438-c162617741af": {
                        "ip": "::ffff:127.0.0.1",
                        "body": {
                            "isValid": true,
                            "tree": "ChartMaker"
                        }
                    }
                },
                "1530209774678": {
                    "58051f60-7aff-11e8-9cd8-6fb256ac5260": {
                        "ip": "::ffff:127.0.0.1",
                        "body": {
                            "isValid": true,
                            "tree": "ChartMaker"
                        }
                    }
                },
                "1530209775060": {
                    "583f6940-7aff-11e8-9cd8-6fb256ac5260": {
                        "ip": "::ffff:127.0.0.1",
                        "body": {
                            "isValid": true,
                            "tree": "ChartMaker"
                        }
                    }
                },
                "1530209775441": {
                    "58798c10-7aff-11e8-9cd8-6fb256ac5260": {
                        "ip": "::ffff:127.0.0.1",
                        "body": {
                            "isValid": true,
                            "tree": "ChartMaker"
                        }
                    }
                },
                "1530209775815": {
                    "58b29d70-7aff-11e8-9cd8-6fb256ac5260": {
                        "ip": "::ffff:127.0.0.1",
                        "body": {
                            "isValid": true,
                            "tree": "ChartMaker"
                        }
                    }
                },
                "1530209776196": {
                    "58ecc040-7aff-11e8-9cd8-6fb256ac5260": {
                        "ip": "::ffff:127.0.0.1",
                        "body": {
                            "isValid": true,
                            "tree": "ChartMaker"
                        }
                    }
                },
                "1530209776577": {
                    "5926e310-7aff-11e8-9cd8-6fb256ac5260": {
                        "ip": "::ffff:127.0.0.1",
                        "body": {
                            "isValid": true,
                            "tree": "ChartMaker"
                        }
                    }
                },
                "1530209776996": {
                    "5966d240-7aff-11e8-9cd8-6fb256ac5260": {
                        "ip": "::ffff:127.0.0.1",
                        "body": {
                            "isValid": true,
                            "tree": "ChartMaker"
                        }
                    }
                },
                "1530210254880": {
                    "763e2200-7b00-11e8-a414-a3eb284fcce4": {
                        "ip": "::ffff:127.0.0.1",
                        "body": {
                            "isValid": true,
                            "tree": "ChartMaker",
                            "scent": true
                        }
                    }
                },
                "1530210576459": {
                    "35eb31b0-7b01-11e8-8198-15b47d0aaf71": {
                        "ip": "::ffff:127.0.0.1",
                        "body": {
                            "isValid": true,
                            "tree": "ChartMaker",
                            "scent": true
                        }
                    }
                },
                "1530210622649": {
                    "51733a90-7b01-11e8-ac24-dfdb68fd05f6": {
                        "ip": "::ffff:127.0.0.1",
                        "body": {
                            "isValid": true,
                            "tree": "ChartMaker",
                            "scent": true
                        }
                    }
                },
                "1530210833784": {
                    "cf4bdf80-7b01-11e8-b032-4f32baeefec5": {
                        "ip": "::ffff:127.0.0.1",
                        "body": {
                            "login": true,
                            "tree": "ChartMaker",
                            "key": "ChartMeUp"
                        }
                    }
                },
                "1530211289451": {
                    "dee523b0-7b02-11e8-801b-4f3d1e806b1e": {
                        "ip": "::ffff:127.0.0.1",
                        "body": {
                            "isValid": true,
                            "tree": "ChartMaker",
                            "scent": true
                        }
                    }
                }
            },
            "::ffff:192.168.0.7": {
                "1530216721814": {
                    "84d5f360-7b0f-11e8-b66a-bb37cf42d3d2": {
                        "ip": "::ffff:192.168.0.7",
                        "body": {
                            "tree": "ChartMaker",
                            "scent": true,
                            "function": "getData"
                        }
                    }
                },
                "1530216721818": {
                    "84d68fa0-7b0f-11e8-b66a-bb37cf42d3d2": {
                        "ip": "::ffff:192.168.0.7",
                        "body": {
                            "isValid": true,
                            "tree": "ChartMaker",
                            "scent": true
                        }
                    }
                },
                "1530216739047": {
                    "8f1b7f70-7b0f-11e8-a5f3-a163a28323e3": {
                        "ip": "::ffff:192.168.0.7",
                        "body": {
                            "tree": "ChartMaker",
                            "scent": true,
                            "function": "getData"
                        }
                    }
                },
                "1530216739055": {
                    "8f1cb7f0-7b0f-11e8-a5f3-a163a28323e3": {
                        "ip": "::ffff:192.168.0.7",
                        "body": {
                            "isValid": true,
                            "tree": "ChartMaker",
                            "scent": true
                        }
                    }
                },
                "1530216821488": {
                    "c03eff00-7b0f-11e8-91cc-0305820265fb": {
                        "ip": "::ffff:192.168.0.7",
                        "body": {
                            "tree": "ChartMaker",
                            "scent": true,
                            "function": "getData"
                        }
                    }
                },
                "1530216821506": {
                    "c041be20-7b0f-11e8-91cc-0305820265fb": {
                        "ip": "::ffff:192.168.0.7",
                        "body": {
                            "isValid": true,
                            "tree": "ChartMaker",
                            "scent": true
                        }
                    }
                },
                "1530217135935": {
                    "7babccf0-7b10-11e8-8548-f1a0312bf80b": {
                        "ip": "::ffff:192.168.0.7",
                        "body": {
                            "isValid": true,
                            "tree": "ChartMaker",
                            "scent": true
                        }
                    }
                },
                "1530217344524": {
                    "f7fff4c0-7b10-11e8-8534-8d7d17c48236": {
                        "ip": "::ffff:192.168.0.7",
                        "body": {
                            "isValid": true,
                            "tree": "ChartMaker",
                            "scent": true
                        }
                    }
                },
                "1530217350448": {
                    "fb87e300-7b10-11e8-917f-9ded617c9a3a": {
                        "ip": "::ffff:192.168.0.7",
                        "body": {
                            "isValid": true,
                            "tree": "ChartMaker",
                            "scent": true
                        }
                    }
                },
                "1530217605847": {
                    "93c2ae70-7b11-11e8-aa65-052b58db1f88": {
                        "ip": "::ffff:192.168.0.7",
                        "body": {
                            "isValid": true,
                            "tree": "ChartMaker",
                            "scent": true
                        }
                    }
                }
            }
        }
    }
}