{
    "IRS 990 Filings": {
        "url": "https://docs.opendata.aws/irs-990/readme.html",
        "desc": ""
    },
    "Twitter +33.3% 5 Hour Firehose sample covering the beginning period of the US/UK summit.": {
        "url": "https://www.reddit.com/r/datasets/comments/8siw22/twitter_333_5_hour_firehose_sample_covering_the/",
        "desc": "**Description:**\n\nThis is a five hour sample of the Twitter firehose (+33.3% sample rate) during the beginning of the United States / North Korea Summit in Singapore on June 12, 2018.  This is a fully hydrated dataset using the \"extended_tweet\" setting to ensure the entire tweet text is preserved.  The data also includes a user object for every original tweet, retweet, quoted tweet and reply tweets.\n\n______________________________\n\nKey | Value\n:--|:--\nFile | https://files.pushshift.io/twitter/TF_USNK.ndjson.xz\nFormat|NDJSON\nCompression|.xz (LZMA2)\nSize (Compressed)|8,415,064,076 bytes\nSize (Uncompressed)|112,101,421,878 bytes\nNumber of Tweets | 21,552,423\n\nThis file represents a five hour period of the beginning of the UK/NK Summit (starting at 7:30 PM ET and extending to 12:30 AM).  There are approximately ~1,200 tweets per second and includes original tweets embedded in each retweeted object.  The probability of getting an original retweet is 50% if it was retweeted once and quickly approaches 100% after 10+ retweets.\n\nThis file contains millions of user objects with many belonging to news organizations throughout the world.  If you have ever wanted to play with a sample much larger than 1%, this file will give you a lot to analyze.\n\nThis data is for academic purposes only and cannot be used for commercial purposes.\n\nWhen processing this file, keep in mind that there could be additional data (tweets) under the \"retweeted_status\" and \"quoted_status\" keys.  Every tweet object will also contain a user object as well.  \n\nThe probability of an original tweet being present in this dataset is dependent on the number of times it was retweeted.  The following chart shows the probabilities:\n\nTimes retweeted|Probability of capturing an original tweet\n---:|--:\n0 | 33.5%\n1 | 55.7%\n2 | 70.6%\n3 | 80.4%\n4 | 86.9%\n5 | 91.3%\n6 | 94.2%\n7 | 96.2%\n8 | 97.4%\n9 | 98.3%\n10| 98.9%\n15| 99.85%\n20| 99.98%\n25| 99.99%\n30| Virtually 100%"
    },
    "Data Journalism Courses Globally": {
        "url": "https://twitter.com/Bahareh360/status/1009433289436925953",
        "desc": ""
    },
    "Population datasets and data analytics": {
        "url": "https://datahub.io/awesome/demographics",
        "desc": ""
    },
    "World Cup Rosters, Stats and Club Teams Data": {
        "url": "https://www.reddit.com/r/datasets/comments/8sa5vi/world_cup_rosters_stats_and_club_teams_data/",
        "desc": "Compiled from Wikipedia\n\n[https://docs.google.com/spreadsheets/d/1E1d9XV-UqBVm7Vrms2BE9-t6mip\\_RJJQ2YDT8u2Ji5o/edit?usp=sharing](https://docs.google.com/spreadsheets/d/1E1d9XV-UqBVm7Vrms2BE9-t6mip_RJJQ2YDT8u2Ji5o/edit?usp=sharing)\n\nHere are a few thing I've done with the data [https://public.tableau.com/profile/kakuna#!/vizhome/WCRosters/WheredoPlayersplayClubSoccer](https://public.tableau.com/profile/kakuna#!/vizhome/WCRosters/WheredoPlayersplayClubSoccer)"
    },
    "All Verified Twitter Users (100% complete) in ndjson format": {
        "url": "https://www.reddit.com/r/datasets/comments/8s6nqz/all_verified_twitter_users_100_complete_in_ndjson/",
        "desc": "This is the complete collection of all verified Twitter user accounts (fully \"hydrated\" user objects) encompassing businesses, media organizations, scientists, artists, musicians, politicians, etc.  The file is ordered by users with the greatest followers_count descending.\n\nEach JSON line contains the complete user object including description, location, number of followers, friends, total status updates, etc.  One additional key was added to each object -- \"retrieved_on.\"  This is the epoch time of when the object was ingested.\n\n###This file is for academic use only.\n\nAgain, this data cannot be used for commercial purposes at all.  The data is property of Twitter and should only be used for academic / research purposes.  Thanks!\n\n**File:** https://files.pushshift.io/twitter/TU_verified.ndjson.xz\n\n**Size (uncompressed):** 513,564,280\n\n**# of Twitter users in dump:** 297,878\n\n###Example of data:\n\n    {\n    \"contributors_enabled\": false,\n    \"created_at\": 1235173556,\n    \"default_profile\": false,\n    \"default_profile_image\": false,\n    \"description\": \"Love. Light.\",\n    \"entities\": {\n      \"description\": {\n        \"urls\": []\n      },\n      \"url\": {\n        \"urls\": [\n          {\n            \"display_url\": \"katyperry.com/tour\",\n            \"expanded_url\": \"http://www.katyperry.com/tour\",\n            \"indices\": [\n              0,\n              23\n            ],\n            \"url\": \"https://t.co/UCVo8NkmAc\"\n          }\n        ]\n      }\n    },\n    \"favourites_count\": 6209,\n    \"follow_request_sent\": false,\n    \"followers_count\": 109581520,\n    \"following\": false,\n    \"friends_count\": 216,\n    \"geo_enabled\": true,\n    \"has_extended_profile\": true,\n    \"id\": 21447363,\n    \"id_str\": \"21447363\",\n    \"is_translation_enabled\": true,\n    \"is_translator\": false,\n    \"lang\": \"en\",\n    \"listed_count\": 141426,\n    \"location\": \"\",\n    \"name\": \"KATY PERRY\",\n    \"notifications\": false,\n    \"profile_background_color\": \"CECFBC\",\n    \"profile_background_image_url\": \"http://abs.twimg.com/images/themes/theme10/bg.gif\",\n    \"profile_background_image_url_https\": \"https://abs.twimg.com/images/themes/theme10/bg.gif\",\n    \"profile_background_tile\": false,\n    \"profile_banner_url\": \"https://pbs.twimg.com/profile_banners/21447363/1527150186\",\n    \"profile_image_url\": \"http://pbs.twimg.com/profile_images/1001159499133149184/mNHEcMbf_normal.jpg\",\n    \"profile_image_url_https\": \n    \"https://pbs.twimg.com/profile_images/1001159499133149184/mNHEcMbf_normal.jpg\",\n    \"profile_link_color\": \"D55732\",\n    \"profile_sidebar_border_color\": \"FFFFFF\",\n    \"profile_sidebar_fill_color\": \"78C0A8\",\n    \"profile_text_color\": \"5E412F\",\n    \"profile_use_background_image\": true,\n    \"protected\": false,\n    \"retrieved_on\": 1529385670,\n    \"screen_name\": \"katyperry\",\n    \"statuses_count\": 9216,\n    \"time_zone\": null,\n    \"translator_type\": \"regular\",\n    \"url\": \"https://t.co/UCVo8NkmAc\",\n    \"utc_offset\": null,\n    \"verified\": true\n    }\n"
    },
    "Dataset of 3500+ ads by Pro-Russia group, preprocessed (.pdf -> .png, .txt, .json)": {
        "url": "https://www.reddit.com/r/datasets/comments/8s0wrr/dataset_of_3500_ads_by_prorussia_group/",
        "desc": "Hey r/datasets. Last month, Democrats in the United States House Intelligence Committee released 3500+ Facebook and Instagram ads purchased by the Internet Research Agency, a Russian group that purportedly tries to influence Americans political views. Congress originally released the dataset as a set of 3500+ PDF files with text and images. The PDF files weren't very structured, so it was hard to analyze them without some preprocessing. As part of a separate project, I've done some of that preprocessing, and wanted to share!\n\nTo the extent possible, I've extracted and cropped the ad images from those PDFs into .png files, and used some basic OCR to extract the text into .txt files. I've also created a JSON file that stores some information about these ads, such as ad cost (converted from Rubles to $USD), creation dates, interest groups targeted, audience locations targeted, and more. All of this data is available on Github if you're interested in taking a look: [https://github.com/russian-ad-explorer/russian-ad-datasets](https://github.com/russian-ad-explorer/russian-ad-datasets).\n\nI also made a data explorer for the ads as a project, which you can check out here: [https://russian-ad-explorer.github.io/](https://russian-ad-explorer.github.io/). It has some ad categorizations for section of the US targeted (e.g. \"Pacific\", \"Midwest\") and for audience groups targeted (e.g. \"African American\", \"Incarcerated\") that weren't available in the original datasets. Some csv files with those categorizations are on the dataset Github repo too.\n\n(The original dataset as posted by the US Congress was posted on r/datasets a while ago [https://www.reddit.com/r/datasets/comments/8igag4/dataset\\_of\\_3519\\_ads\\_that\\_prorussia\\_group\\_the/](https://www.reddit.com/r/datasets/comments/8igag4/dataset_of_3519_ads_that_prorussia_group_the/))"
    },
    "Reddit broke 100 million comments in May -- April and May Reddit Comments are now available!": {
        "url": "https://www.reddit.com/r/datasets/comments/8rx79k/reddit_broke_100_million_comments_in_may_april/",
        "desc": "##Data (ndjson files)\n\n###April\nhttps://files.pushshift.io/reddit/comments/RC_2018_04.xz\n\n8,371,376,260 bytes (compressed) | 82,497,938,640 bytes (uncompressed)\n\n98,096,451 comments\n\n\n###May\nhttps://files.pushshift.io/reddit/comments/RC_2018_05.xz\n\n8,633,799,504 bytes (compressed)  | 84,330,099,226 bytes (uncompressed)\n\n\n100,109,100 comments"
    },
    "A large dataset of text productions by native and non-native English speakers": {
        "url": "https://www.reddit.com/r/datasets/comments/8rt7th/a_large_dataset_of_text_productions_by_native_and/",
        "desc": "A large dataset (8G zipped) of productions of native and non-native speakers collected from Reddit, and accurately annotated for speaker country of origin -- http://cl.haifa.ac.il/projects/L2/index.shtml. Can be used for NLP research purposes.\n\nMore details in https://transacl.org/ojs/index.php/tacl/article/view/1403 (\"Native Language Cognate Effects on Second Language Lexical Choice\")."
    },
    "Data on 1,340 Coffee Bean Reviews (aroma, acidity, flavor, altitude, + more)": {
        "url": "https://github.com/jldbc/coffee-quality-database",
        "desc": ""
    },
    "Overwatch Ranked Matches dataset": {
        "url": "https://www.kaggle.com/simonho87/overwatch-ranked-data",
        "desc": ""
    },
    "Avocado Prices Across the US from 2014-2018": {
        "url": "https://www.kaggle.com/neuromusic/avocado-prices",
        "desc": ""
    },
    "Collection of easy-to-use reference data in CSV and JSON formats": {
        "url": "https://datahub.io/awesome/reference-data",
        "desc": ""
    },
    "International football results from 1872 to 2018": {
        "url": "https://www.kaggle.com/martj42/international-football-results-from-1872-to-2017",
        "desc": ""
    },
    "[dataset] Collection of football (soccer) datasets including national teams, clubs, match schedules, players, stadiums, etc.": {
        "url": "https://datahub.io/awesome/football",
        "desc": ""
    },
    "Unclaimed money held by the Western Australia treasury (436,042 entries, dating back to 1900)": {
        "url": "https://www.reddit.com/r/datasets/comments/8qjwf0/unclaimed_money_held_by_the_western_australia/",
        "desc": "A journalist friend wanted a dataset of all the unclaimed money of the WA treasury. Probably not a very interesting dataset for most people, but I figured I'd upload it publicly in case anyone wants to play around. The scraping script is also included:\n\nhttps://github.com/josephrocca/unclaimed-money-western-autralia-2018\n\n* The dataset contains 436,042 entries\n* About 52 million dollars unclaimed in total\n* Scraped by using this search form: https://www.treasury.wa.gov.au/Unclaimed-Money/search/ with a list of the 5000 most common first names, and 5000 most common surnames\n* Probably contains at least 80% of entries\n\nA couple of interesting entries:\n\n* $915,703 unclaimed - no known beneficiaries: https://imgur.com/a/IRq3vPp\n* $21 unclaimed - from the year 1900: https://imgur.com/a/AK96reF"
    },
    "Interesting free resource to get custom fashion sales and marketing data from around the world.": {
        "url": "https://www.lyst.com/news/lyst-data-request/",
        "desc": ""
    },
    "Bureau of Labor Statistics: Real Earnings Summary": {
        "url": "https://www.bls.gov/news.release/realer.nr0.htm",
        "desc": ""
    },
    "[dataset] Collection of economic indicators": {
        "url": "https://datahub.io/awesome/economic-data",
        "desc": ""
    },
    "Datasets of BTC-USD history data from 4 major Bitcoin exchanges": {
        "url": "https://polso.info/datasets-btc-usd-history-data-4-major-bitcoin-exchanges",
        "desc": ""
    },
    "/u/gandalf117 's Updated: Definitive Family Tree of the Tolkien Legendarium + Companion Guide": {
        "url": "https://www.reddit.com/r/lotr/comments/8q0goj/definitive_family_tree_of_the_tolkien_legendarium/",
        "desc": ""
    },
    "Alliance Treaty Obligations and Provisions (ATOP) Dataset": {
        "url": "https://atop.rice.edu/data",
        "desc": ""
    },
    "[Dateset] Every weekly Billboard Hot 100 singles chart 1958-2017": {
        "url": "https://data.world/kcmillersean/billboard-hot-100-1958-2017",
        "desc": ""
    },
    "IrishTimes Historical News Dump 1996-2017 - 21 years": {
        "url": "https://www.kaggle.com/therohk/ireland-historical-news",
        "desc": ""
    },
    "Complete Hackernews items dump is now available. ~17.2 million items including stories, comments, jobs, polls, etc.": {
        "url": "https://www.reddit.com/r/datasets/comments/8pqm8s/complete_hackernews_items_dump_is_now_available/",
        "desc": "**Site:** https://files.pushshift.io/hackernews/\n\nThe format of the files is ndjson.  Each json blob has a \"type\" parameter to specify if it is a comment, story, poll, etc.  This is a complete historical dump of Hackernews.  \n\nMonthly updates are planned including a possible search API at some later point.\n\nPlease let me know if you have any questions!"
    },
    "Ethereum Effect impact on PC parts prices": {
        "url": "https://www.kaggle.com/raczeq/ethereum-effect-pc-parts",
        "desc": ""
    },
    "I need a database of diseased plant leaves": {
        "url": "https://www.reddit.com/r/datasets/comments/8p6wm2/i_need_a_database_of_diseased_plant_leaves/",
        "desc": "I am creating a image classifier for my bachelors project and it classifies whether the input of the image of the leaf is diseased or not.  "
    },
    "Washington Post's dataset of 52,000 criminal homicides, drawing from the 50 largest U.S. cities and spanning a decade": {
        "url": "https://github.com/washingtonpost/data-homicides",
        "desc": ""
    },
    "world-cup.json - Open (free) public domain world cup in Russia 2018 football datasets in JSON": {
        "url": "https://github.com/openfootball/world-cup.json",
        "desc": ""
    },
    "When are you old?": {
        "url": "https://github.com/tomeru/sideProjects/tree/master/feelingOld",
        "desc": ""
    },
    "Systemic Banking Crises Database": {
        "url": "https://www.imf.org/en/Publications/WP/Issues/2016/12/31/Systemic-Banking-Crises-Database-An-Update-26015",
        "desc": ""
    },
    "Istanbul Crime Data that can be mapped?": {
        "url": "https://www.reddit.com/r/datasets/comments/8o9uuv/istanbul_crime_data_that_can_be_mapped/",
        "desc": "Can anyone point me towards a good site to download the **types and amounts of crime by location for Istanbul**, hopefully over a recent period? Or maybe a reliable news site that indicates **types and amounts of crime by location within Istanbul?** I have been unable to find anything like this just from googling.. Gold to anyone who can help me!"
    },
    "It seems that the tariff raising effect is coming up from April": {
        "url": "https://www.kaggle.com/zanjibar/hs-72-iron-export-from-japan-to-usa",
        "desc": ""
    },
    "Open results of Italy's 2018 General Elections at the level of municipalities (or lower). Geographic files also included.": {
        "url": "https://doi.org/10.7910/DVN/QXUVIG",
        "desc": ""
    },
    "YCombinator / Hackernews dataset will be published in approximately one week!": {
        "url": "https://www.reddit.com/r/datasets/comments/8o0alx/ycombinator_hackernews_dataset_will_be_published/",
        "desc": "I will be publishing the entire YCombinator / Hackernews dataset in approximately one week.  Quick question -- before publishing the dataset, should I HTML decode any encoded entities in the data?\n\n(Example:  \"Glad you\\&#x27;ve had a great experience)\n\nThere are a total of ~ 18 million objects in this dataset."
    },
    "Gaelic Games Results": {
        "url": "http://gaarankings.net/2015/12/31/zzz/",
        "desc": ""
    },
    "Intelligence Test Data": {
        "url": "http://www.isironline.org/resources/collaboration-and-data-sharing/",
        "desc": ""
    },
    "Dataset containing information on 8,475 Personal Vehicles being rented out on Turo [Model, Price, Location, etc.]": {
        "url": "https://www.kaggle.com/theriley106/turo-rental-car-pricing-info",
        "desc": ""
    },
    "[dataset] All the games listed on GiantBomb (05/29/18)": {
        "url": "https://www.reddit.com/r/datasets/comments/8mu1iu/dataset_all_the_games_listed_on_giantbomb_052918/",
        "desc": "By making some bash script to avoid wasting time on the browser. I made a twitch script that let me chose live streams of a certain game. To do that, I needed to have a list of all games listed on twitch. \n\nAnd then, [~~this~~](https://mega.nz/#!QpBnHbIa!soUT9hpVhlHdEO7p_TmC_65tlkRQ14v-n7AZRi5l7m8) is a list of all of the 63454 games of giantbomb.com by now.\n\nEDIT: [Github link](https://github.com/BrachystochroneSD/dotscripts/blob/master/gamedatabase/gamesdb) "
    },
    "[Kaggle] Twitter threads - Analyze user engagement and more in Twitter threads": {
        "url": "https://www.kaggle.com/danielgrijalvas/twitter-threads",
        "desc": ""
    },
    "[Dataset] Copy of 10565 public domain but paywalled IEEE papers": {
        "url": "https://www.reddit.com/r/DataHoarder/comments/8mbj9h/copy_of_10565_public_domain_but_paywalled_ieee/",
        "desc": ""
    },
    "PubMed retractions report": {
        "url": "https://neilfws.github.io/PubMed/pmretract/pmretract.html",
        "desc": ""
    },
    "[Kaggle] YouTube Trending Video Statistics with Subscriber - Dataset": {
        "url": "https://www.kaggle.com/sgonkaggle/youtube-trend-with-subscriber",
        "desc": ""
    },
    "DRC Ebola outbreak daily summaries": {
        "url": "https://github.com/cmrivers/ebola_drc",
        "desc": ""
    },
    "Religion data from US counties from 1890-2010 - Data aggregated from Assc of Religion Data includes # of congregations, adherents, population, etc.": {
        "url": "https://github.com/aaronpenne/data_visualization/tree/master/religion/data",
        "desc": ""
    },
    "[Dataset] Roblox Forum Dataset - 1 Billion Posts [11GB Compressed & Extracts to 300GB]": {
        "url": "https://drive.google.com/file/d/1mjfjC46zh7vtmfK5DF2OwxACh1tKsO62",
        "desc": ""
    },
    "Public Transport Networks. Curated public transport network data for 20+ cities": {
        "url": "http://transportnetworks.cs.aalto.fi/",
        "desc": ""
    },
    "Reddit Submissions are now being streamed to BigQuery live along with comments": {
        "url": "https://www.reddit.com/r/bigquery/comments/8ljjmo/reddit_submissions_are_now_being_streamed_to/",
        "desc": ""
    },
    "S&P500 Company Stock Quote 1-Year Historical Data Set(20170522 - 20180521)": {
        "url": "https://www.reddit.com/r/datasets/comments/8lgieo/sp500_company_stock_quote_1year_historical_data/",
        "desc": "Hello,\n\nI was not able to find aggregated historical quote data for multiple companies. It took me a few days to collect the data. I thought I'd share.\n\nhttps://keynes.ai/company-stock-quote-historical-data-set/\n\nfeedback and questions are welcome"
    },
    "Vesuvius Volcano Observatory Datasets": {
        "url": "http://www.ov.ingv.it/ov/en/banche-dati.html",
        "desc": ""
    },
    "[Dataset] A sample of YouTube comments from Donald Glover's This is America up to May 14, 2018. Fields Include: Comment ID, Text Original, Published Date, Like Count, Author's Name.": {
        "url": "https://data.world/popculture/donald-glovers-this-is-america-youtube-comments",
        "desc": ""
    },
    "100k shoes of baccarat for analysis [dataset]": {
        "url": "https://www.kaggle.com/victornascimento/baccarat-dataset",
        "desc": ""
    },
    "Global Youth Survey Data": {
        "url": "https://www.reddit.com/r/datasets/comments/8k6eil/global_youth_survey_data/",
        "desc": "A few months ago, I ran a [survey](https://docs.google.com/forms/d/e/1FAIpQLSd3z5mlPtZdkt5rgLlakEX19FFTNhGHrt3YaYRNSG7lVZgntQ/viewform?usp=sf_link) and wrote this [article](https://medium.com/@malgamves/survey-the-worlds-youth-and-the-characteristics-that-divide-us-9222a29678b4) explaining my motives. I did not collect nearly the amount of data I thought I would. However, I'm left with the data and want to know if anyone has any cool smart ideas for things that can be done with the data set. "
    },
    "[dataset] Lines from the scripts of all 9 seasons of The Office, shared by @abhinavr8 on data.world. Includes the line, episode, season, scene, and name of speaker. (I work for data.world). Hope you enjoy exploring.": {
        "url": "https://data.world/abhinavr8/the-office-scripts-dataset",
        "desc": ""
    },
    "List of 16000 art works the Nazis considered degenerate": {
        "url": "http://www.vam.ac.uk/content/articles/e/entartete-kunst/",
        "desc": ""
    },
    "EEG data from Sleep Recordings and Hypnograms in European Data Format (EDF)": {
        "url": "https://www.physionet.org/physiobank/database/sleep-edfx/",
        "desc": ""
    },
    "Looking for dataset: metadata about news articles, spanning 15+ years": {
        "url": "https://www.reddit.com/r/datasets/comments/8j4duf/looking_for_dataset_metadata_about_news_articles/",
        "desc": "Hello! I'm doing a research project about the authors of news articles. Does anyone know of a dataset that has metadata about news articles?\n\nBasic dataset requirements: \n\n 1. 100k\\+ news articles\n\n 2. Covers 5\\+ publications\n\n 3. Spans 15\\+ years of articles\n\n 4. Metadata about each article \\*with author names \\+ year published\\*\n\n 5. Must be sourced legitimately \\(no TOS\\-breaking scraped data\\)\n\nI've looked through many potential sources. Here are some examples:\n\n \\- [New York Times](https://help.nytimes.com/hc/en-us/articles/115014772767-Archives) and [the Guardian](https://open-platform.theguardian.com/) data archives \\-\\- fail criterion 2 \n\n \\- [News headlines of India](https://www.kaggle.com/therohk/india-headlines-news-dataset) \\-\\- fails criterion 4 and possibly 5\n\n \\- Various APIs for streaming news \\(Eventregistry, [WebHose.io](https://WebHose.io)\\)  \\-\\- all seem to be made for recent news, so they fail criterion 3\n\n \\- [Reuter's data dumps](https://trec.nist.gov/data/reuters/reuters.html) \\-\\- fails criterion 3\n\nThanks!"
    },
    "Q&A dataset with labels describing the degree of reasoning required to answer the question": {
        "url": "https://www.reddit.com/r/datasets/comments/8j05o2/qa_dataset_with_labels_describing_the_degree_of/",
        "desc": "I want to train a model, not to answer questions \\(I'm aware of plenty folks who can already do this very well\\), but to estimate the \"degree of reasoning\" required to answer the question.\n\nFor example, say you have the technical documentation on a wall socket. An easy question would be, \"What's the voltage of this wall socket?\" All the model would have to do is look for the text describing the voltage somewhere within the documentation. A question that requires more reasoning would be, \"Should I put a fork in the wall socket?\"\n\nEssentially, I'm looking for something like [SQuAD](https://rajpurkar.github.io/SQuAD-explorer/), but with an additional label that describes the \"degree of reasoning\" required to come up with a good answer.\n\nAnyone have some good ideas?\n\n[Link](https://www.reddit.com/r/MachineLearning/comments/8j0q1o/qa_dataset_with_labels_describing_the_degree_of/) to xpost in r/MachineLearning"
    },
    "Every moderator (including their permissions) for the top 10,000 subreddits (by number of subscribers)": {
        "url": "https://www.reddit.com/r/datasets/comments/8iu7ox/every_moderator_including_their_permissions_for/",
        "desc": "File:  https://files.pushshift.io/reddit/moderators/moderators.json.gz\n\nThis dump includes slightly more than the top ~~10,000~~ (Now contains over ~~13,000~~ ~~20,000~~ ~~30,000~~ 40,000) subreddits by number subscribers and contains every moderator within each subreddit including when they became a moderator and their moderator privileges.  As an example of the file format (ndjson), here is what the info looks like for this subreddit:\n\n    {\n    \"created_utc\": 1255017365,\n    \"nsfw\": false,\n    \"retrieved_on\": 1526089835,\n    \"subreddit_id\": \"t5_2r97t\",\n    \"subreddit_name\": \"datasets\",\n    \"subreddit_type\": \"public\",\n    \"subscribers\": 35898\n    \"moderator_data\": [\n    {\n      \"author_flair_css_class\": \"major\",\n      \"author_flair_text\": \"major contributor\",\n      \"date\": 1470128713,\n      \"id\": \"t2_1vrx\",\n      \"mod_permissions\": [\n        \"all\"\n      ],\n      \"name\": \"cavedave\"\n    },\n    {\n      \"author_flair_css_class\": null,\n      \"author_flair_text\": null,\n      \"date\": 1470313595,\n      \"id\": \"t2_ev60a\",\n      \"mod_permissions\": [\n        \"all\"\n      ],\n      \"name\": \"Inform8n\"\n    },\n    {\n      \"author_flair_css_class\": null,\n      \"author_flair_text\": null,\n      \"date\": 1470451165,\n      \"id\": \"t2_9cozb\",\n      \"mod_permissions\": [\n        \"all\"\n      ],\n      \"name\": \"hypd09\"\n    },\n    {\n      \"author_flair_css_class\": null,\n      \"author_flair_text\": null,\n      \"date\": 1470605255,\n      \"id\": \"t2_65auh\",\n      \"mod_permissions\": [\n        \"all\"\n      ],\n      \"name\": \"tornato7\"\n    },\n    {\n      \"author_flair_css_class\": \"pushshift\",\n      \"author_flair_text\": \"pushshift.io\",\n      \"date\": 1470950032,\n      \"id\": \"t2_bk1iz\",\n      \"mod_permissions\": [\n        \"all\"\n      ],\n      \"name\": \"Stuck_In_the_Matrix\"\n    },\n    {\n      \"author_flair_css_class\": null,\n      \"author_flair_text\": null,\n      \"date\": 1472199031,\n      \"id\": \"t2_ak7x4\",\n      \"mod_permissions\": [\n        \"all\"\n      ],\n      \"name\": \"thecodingdude\"\n    },\n    {\n      \"author_flair_css_class\": null,\n      \"author_flair_text\": null,\n      \"date\": 1476804966,\n      \"id\": \"t2_6l4z3\",\n      \"mod_permissions\": [\n        \"all\"\n      ],\n      \"name\": \"AutoModerator\"\n    },\n    {\n      \"author_flair_css_class\": null,\n      \"author_flair_text\": null,\n      \"date\": 1493267796,\n      \"id\": \"t2_17cjsn\",\n      \"mod_permissions\": [\n        \"posts\",\n        \"flair\"\n      ],\n      \"name\": \"Flairer\"\n    },\n    {\n      \"author_flair_css_class\": null,\n      \"author_flair_text\": null,\n      \"date\": 1504664171,\n      \"id\": \"t2_ajyuab0\",\n      \"mod_permissions\": [\n        \"posts\",\n        \"access\",\n        \"flair\"\n      ],\n      \"name\": \"ai_mod\"\n    }\n  ]\n}\n  \nBasic Python Example for using file:\n\n    #!/usr/bin/env python3\n\n    import gzip\n    import ujson as json\n\n    f = gzip.open('moderators.json.gz')\n    for line in f:\n        j = json.loads(line)\n        subreddit_name = j['subreddit_name']\n        subreddit_type = j['subreddit_type']\n        subscribers = j['subscribers']\n        created_utc = j['created_utc']\n        ... # Do whatever with the above\n        mods = j['moderator_data']\n        number_of_mods = len(mods)\n        for mod in mods:\n            ... # Cycle through moderators\n            if 'all' in mod['mod_permissions']:\n                ... # Only do stuff if mod has full permissions\n                print (mod)\n\n## Subreddits with the most moderators\n\nSubreddit|Subscribers|# of Moderators\n--:|--:|--:\nscience|18641755|1500\naskscience|15434971|433\ngratefuldead|35001|225\nPartyParrot|91645|125\ndickgirls|10487|114\nworldnews|18671986|99\nbadphilosophy|33469|92\nLondonSocialClub|14500|80\nverypunny|19608|64\nTheBluePill|43293|61\nandroidcirclejerk|13765|60\nwallstreetbets|254969|59\nredesign|7907|57\nrarepuppers|617931|54\nAskScienceDiscussion|34779|54\nOutOfTheLoop|863114|50\ncreepyPMs|355107|48\nTwoXChromosomes|11671392|46\nrelationship_advice|545597|45\nonionhate|10606|45\nbattlefield_live|10196|45\nBraveryjerk|19651|45\nlistentothis|12965137|44\nTopMindsOfReddit|82642|42\nLateStageCapitalism|289100|42\n\n##Subreddits with a disproportionate number of moderators compared to subscriber count\nSubreddit|Subscribers|# of Moderators|Ratio\n--:|--:|--:|--:\ndickgirls|10487|114|0.0109\nredesign|7907|57|0.0072\ngratefuldead|35001|225|0.0064\nLondonSocialClub|14500|80|0.0055\nWDP|7566|37|0.0049\nunlimitedbreadsticks|8643|38|0.0044\nbattlefield_live|10196|45|0.0044\nandroidcirclejerk|13765|60|0.0044\nonionhate|10606|45|0.0042\nCreedThoughts|8795|36|0.0041\nThinking|9095|34|0.0037\narenaofvalor|9553|34|0.0036\nverypunny|19608|64|0.0033\npromos|9538|31|0.0033\nGumcels|9018|30|0.0033\nhapas|9599|31|0.0032\nEtikaRedditNetwork|7154|23|0.0032\nFlexicas|7613|22|0.0029\nInternetAMA|7098|20|0.0028\nduckduckgo|8252|22|0.0027\nbadphilosophy|33469|92|0.0027\nTiADiscussion|8029|22|0.0027\nethdev|11736|30|0.0026\nTastyFood|12857|34|0.0026\nayylmao|14960|38|0.0025\n\n##Sampling of Subreddits with no moderators\n\nSubreddit|Subscribers|# of Moderators|Ratio\n--:|--:|--:|--:\nAmateurXXX|8575|0|0.0\nAmazingTeens|14671|0|0.0\nCinnamonWomen|8978|0|0.0\nCumonin|12555|0|0.0\nDnDIY|7846|0|0.0\nDraculaBiscuits|18318|0|0.0\nDungeons_and_Dragons|13890|0|0.0\nEroticCockWorship|21820|0|0.0\nForeheadCum|7561|0|0.0\nGirlsCuddling|24632|0|0.0\nHegre|13308|0|0.0\nHungryBabes|8562|0|0.0\nHungryButtsGW|7605|0|0.0\nNextDoorBoobies|8414|0|0.0\nOrgasmContractions|7464|0|0.0\nPerfectMoment|7147|0|0.0\nPrettyLittleCumsluts|14136|0|0.0\nSmallHome|8012|0|0.0\nStraps|7554|0|0.0\nTheLandingStrip|15406|0|0.0\nVeryExpensive|29041|0|0.0\nboobgrabs|12394|0|0.0\ncryptocurrencynewico|12429|0|0.0\ncutecunts|11726|0|0.0\nfuckyeahsexyteens|13805|0|0.0\n\n"
    },
    "List of every subreddit on Reddit": {
        "url": "https://www.reddit.com/r/datasets/comments/8isnek/list_of_every_subreddit_on_reddit/",
        "desc": "Two files available:  \n\n1)  A comprehensive file that lists ALL subreddits on Reddit (private, public, employee only, etc.) with ALL metadata.  [This file is big.](https://files.pushshift.io/reddit/subreddits/subreddits.json.gz)\n\n2.)  Basic CSV file that lists all PUBLIC subreddits.  [This file is a lot smaller.](https://files.pushshift.io/reddit/subreddits/subreddits_basic.csv)\n\nThe format for the second file is:\n\n base10 id, base36 reddit id, creation epoch, subreddit name, number of subscribers (linux newline delimited)"
    },
    "S&P500 Fundamental Financial Data": {
        "url": "https://www.reddit.com/r/datasets/comments/8il3hn/sp500_fundamental_financial_data/",
        "desc": "Hello,\n\nAfter spending days searching for data sets or APIs that include fundamental data for publicly listed companies, I decided to create my own as they were either not available or quite expensive.\n\nhttps://keynes.ai/2018/05/02/sp500-company-financial-data-for-fundamental-analysis/\n\nI hosted the data set on my personal website below\n\nfeedback and questions are welcome"
    },
    "Dataset of 3,519 ads that pro-Russia group the Internet Research Agency purchased on Facebook": {
        "url": "https://democrats-intelligence.house.gov/facebook-ads/social-media-advertisements.htm?mod=article_inline",
        "desc": ""
    },
    "Microarray datasets collage. References is linked in README.": {
        "url": "https://github.com/kivancguckiran/microarray-data",
        "desc": ""
    },
    "Reddit March 2018 Comments have been published.": {
        "url": "https://www.reddit.com/r/datasets/comments/8i5xdl/reddit_march_2018_comments_have_been_published/",
        "desc": "March 2018 reddit comments are now available for download.  There are 96,490,262 comments in this data set.  The file size (compressed) is 9,594,069,532 bytes.  \n\nLocation:  https://files.pushshift.io/reddit/comments/RC_2018-03.xz\n\n"
    },
    "Qure.Ai 's CT brain dataset": {
        "url": "https://www.reddit.com/r/datasets/comments/8hzkkg/qureai_s_ct_brain_dataset/",
        "desc": "Qure.AI , a medical deep learning software startup out of India, has released a dataset of about 500 brain CT's.  This should be nice for the deep learning & computer vision folks.  The dataset is under a creative commons usage, so no commercial use apparently, sorry!    Please be respectful too \\- this is unusually nice of the [Qure.AI](https://Qure.AI) folks to release into the wild.  By the way, the database is HUGE.  As in Gigabytes, maybe terabytes.  I don't know \\- I haven't finished downloading it.  Download at your own peril & cost.  "
    },
    "REQUEST: submental EMG locations in 3 dimensions for Medical Research": {
        "url": "https://www.reddit.com/r/datasets/comments/8hzhnd/request_submental_emg_locations_in_3_dimensions/",
        "desc": "Hi! I am a student researcher working on multichannel convolutional neural network network to classify sleep stage using EEG,EOG,EMG data. I need locations of EMGs in 3 dimensional plane(x,y,z) to be able to compare it to EEG and EOG. I have searched all over the internet and am unable to find any results. All that I got was the International 10-20 System of Electrode Placement, it's kind of useful but doesn't satisfy the requirements. Any sort of help would be great ! "
    },
    "Subreddit Traffic - 52 subs sampled every 10 minutes for a month - Source code, charts, and data in comments": {
        "url": "https://github.com/aaronpenne/data_visualization/tree/master/traffic",
        "desc": ""
    },
    "Predicting user engagement with news on Reddit using Kaggle or Colab": {
        "url": "https://medium.com/@datancoffee/predicting-user-engagement-with-news-on-reddit-using-kaggle-or-colab-d5ef0dcaff6a",
        "desc": ""
    },
    "\"Hans Lienesch calls himself The Ramen Rater, and (as his website’s banner declares) he’s been 'Celebrating the Instant Noodle for 15 Years.' Over that time, he’s amassed a spreadsheet of more than 2,600 ratings. [h/t dreyco]\" from Data is Plural": {
        "url": "https://data.world/ian/ramen-ratings",
        "desc": ""
    },
    "Profit Margins by Industry": {
        "url": "https://github.com/axibase/atsd-use-cases/blob/master/Chart_of_the_Day/profit-margin/README.md",
        "desc": ""
    },
    "1553 HQ Trivia Game Questions/Answers": {
        "url": "https://www.kaggle.com/theriley106/hq-trivia-question-database",
        "desc": ""
    },
    "World University Rankings 2018": {
        "url": "https://www.timeshighereducation.com/world-university-rankings/2018/world-ranking#!/page/0/length/25/sort_by/rank/sort_order/asc/cols/stats",
        "desc": ""
    },
    "Medical Image datasets": {
        "url": "https://www.reddit.com/r/datasets/comments/8h7nn7/medical_image_datasets/",
        "desc": "These seem particularly hard to find! Where can I get these? I need X-rays of ARDS patients."
    },
    "List of Internet Top Level Domains": {
        "url": "https://www.reddit.com/r/datasets/comments/8h5r3j/list_of_internet_top_level_domains/",
        "desc": "Gathered this info as part of a project. May be will be useful for someone."
    },
    "Academic research papers dataset (including full-text)": {
        "url": "https://github.com/ronentk/sci-paper-miner",
        "desc": ""
    },
    "[dataset] Triple J Hottest 100 data from 1993 to 2017, including lyrics of over 71% of the songs": {
        "url": "https://drive.google.com/file/d/1W--hAVMDAamp5QNYFbKTePYSwJbqvBm6/view",
        "desc": ""
    },
    "News Chatbot Training Dataset": {
        "url": "https://github.com/tzano/wren/blob/master/docs/news_assistant.md",
        "desc": ""
    },
    "Robomo - Prime Numbers and High-D Data-Science": {
        "url": "https://www.kaggle.com/therohk/robomo",
        "desc": ""
    },
    "A collection of public religious and spiritual texts for you to analyze!": {
        "url": "https://www.reddit.com/r/datasets/comments/8gbzzc/a_collection_of_public_religious_and_spiritual/",
        "desc": "I am interested in taking a data science approach to gleaning deeper insights into matters of spirituality, religion and extranormal experience. Data scientists at all levels of experience are encouraged to participate in this analysis.\n\nThis data set contains several public files of religious and spiritual texts. Great for those wishing to conduct various forms of text analysis. \n\nhttps://www.kaggle.com/metron/public-files-of-religious-and-spiritual-texts"
    },
    "Artificial Intelligence Opens the Vatican Secret Archives": {
        "url": "https://www.theatlantic.com/technology/archive/2018/04/vatican-secret-archives-artificial-intelligence/559205/",
        "desc": ""
    },
    "Bureau of Justice Statistics - Lifetime Likelihood of Victimization (Crosspost from /r/2ALiberals)": {
        "url": "https://www.bjs.gov/content/pub/pdf/llv.pdf",
        "desc": ""
    },
    "Turning the D and D Monster Manual 4th Ed into JSON DB (DataSet in GitHub repo)": {
        "url": "https://openmonstervision.github.io/blog/posts/turning-dungeons-and-dragons-monster-manual-pdf-into-json/",
        "desc": ""
    },
    "Boxing bouts": {
        "url": "https://www.kaggle.com/slonsky/boxing-bouts",
        "desc": ""
    },
    "Which College Majors Marry Each Other?": {
        "url": "https://familyinequality.wordpress.com/2018/04/23/theology-majors-marry-each-other-a-lot-but-business-majors-dont-and-other-tales-of-bas-and-marriage/",
        "desc": ""
    },
    "Irish Ship Wreck Data": {
        "url": "https://dahg.maps.arcgis.com/apps/webappviewer/index.html?id=89e50518e5f4437abfa6284ff39fd640",
        "desc": ""
    },
    "Astrometric data for 1.7 billion stars in the Milky Way": {
        "url": "https://www.cosmos.esa.int/web/gaia/dr2",
        "desc": ""
    },
    "16000 reddit comments tagged for Irony": {
        "url": "https://github.com/bwallace/ACL-2014-irony",
        "desc": ""
    },
    "More than 210,000 students have experienced gun violence at school since Columbine": {
        "url": "https://www.washingtonpost.com/graphics/2018/local/school-shootings-database/?utm_term=.e5efbcf9b2fd",
        "desc": ""
    },
    "10,000 most common English words in order of frequency": {
        "url": "https://github.com/first20hours/google-10000-english",
        "desc": ""
    },
    "SetiQuest Data Links - Data from the foremost search for extraterrestrial intelligence": {
        "url": "http://wiki.setiquest.info/index.php/SetiQuest_Data",
        "desc": ""
    },
    "The 446 People, Places and Things Donald Trump Has Insulted on Twitter: A Complete List": {
        "url": "https://www.nytimes.com/interactive/2016/01/28/upshot/donald-trump-twitter-insults.html?mtrref=undefined&gwh=C25AB3AA33353CCD3B7C5BCD11FD8005&gwt=pay",
        "desc": ""
    },
    "The World Progress Explorer: In-Depth Visualization with SQL and User-Defined Functions": {
        "url": "https://axibase.github.io/atsd-use-cases/Chart_of_the_Day/world-progress-explorer/",
        "desc": ""
    },
    "World's largest co-op of unfiltered flight data": {
        "url": "https://www.adsbexchange.com/",
        "desc": ""
    },
    "BBC release 16,000 clips of sound effects noises": {
        "url": "http://bbcsfx.acropolis.org.uk/",
        "desc": ""
    },
    "In 1937 100k Irish children were encouraged to seek out the oldest person they knew and gather their stories. This has been compiled into an archive searchable by any topic ranging from the supernatural to natural remedies": {
        "url": "https://www.irishtimes.com/life-and-style/people/ireland-s-darkest-oddest-and-weirdest-secrets-uncovered-1.3418059?mode=amp",
        "desc": ""
    },
    "Like memes and love procrastinating on Reddit? Well, this dataset is your chance to do both. :)": {
        "url": "https://www.kaggle.com/sayangoswami/reddit-memes-dataset",
        "desc": ""
    },
    "Brain Organization analysis using opendata": {
        "url": "https://www.nature.com/articles/s41467-018-03664-4#Sec10",
        "desc": ""
    },
    "ConceptNet 5.6 released - a multilingual semantic network": {
        "url": "http://blog.conceptnet.io/posts/2018/conceptnet-56-released/",
        "desc": ""
    },
    "Predict whether a genetic variant will have conflicting clinical classifications.": {
        "url": "https://www.kaggle.com/kevinarvai/clinvar-conflicting",
        "desc": ""
    },
    "State of Global Air Pollution": {
        "url": "https://www.stateofglobalair.org/data/#/air/table",
        "desc": ""
    },
    "Chronic illness symptoms, treatments, and environmental factors reported by over 17,000 patients": {
        "url": "https://www.kaggle.com/flaredown/flaredown-autoimmune-symptom-tracker",
        "desc": ""
    },
    "Miscellaneous datasets collected by U Florida's Larry Winner": {
        "url": "http://users.stat.ufl.edu/~winner/datasets.html",
        "desc": ""
    },
    "Access to every open dataset maintained by the federal government of Canada": {
        "url": "https://open.canada.ca/en/open-data",
        "desc": ""
    },
    "Structured Dataset Containing Posts from Reddit's Most Popular Online Dating Sub, r/r4r": {
        "url": "https://www.reddit.com/r/datasets/comments/8cnhvx/structured_dataset_containing_posts_from_reddits/",
        "desc": "[Here's what the dataset looks like](https://github.com/sharmaeshaan/Stats4R/blob/master/screenshots/r4rdb.png) and [**here's the SQLite dataset itself**](https://github.com/sharmaeshaan/Stats4R/blob/master/stats4r_sample_dataset.sqlite) - It contains over 500 posts created in [Reddit's most popular online dating sub](https://www.reddit.com/r/r4r) over a period of 5 days. \n\nThe dataset is one of the key outputs of a program I wrote, [Stats4R](https://github.com/sharmaeshaan/Stats4R). \n\n**You can generate a new one similar to this for yourself too by running [the program](https://github.com/sharmaeshaan/Stats4R) on your system -- moreover, you will also see [visualizations related to the dataset](https://github.com/sharmaeshaan/Stats4R/blob/master/screenshots/fullcap.png).**\n\nCritical feedback, discussion regarding what more can be added to this dataset and what can be done with it, are most welcome. \n\n*P.S.: In addition to the above mentioned dataset, the program also generates 2 more datasets containing the html of r4r pages and posts*\n\nhttps://github.com/sharmaeshaan/Stats4R"
    },
    "We just released the Largest User Engagement Recognition Dataset (in-the-wild) : DAiSEE": {
        "url": "http://iith.ac.in/~daisee-dataset/",
        "desc": ""
    },
    "Manga Adaptation Ratings": {
        "url": "https://www.kaggle.com/psofronas/mangaadaptations",
        "desc": ""
    },
    "We Have Just Released the Largest First Person Video Dataset: EPIC-Kitchens.Research": {
        "url": "https://epic-kitchens.github.io/2018",
        "desc": ""
    },
    "Reddit data from the suspected propaganda accounts released today": {
        "url": "https://github.com/ALCC01/reddit-suspicious-accounts",
        "desc": ""
    },
    "Speech Commands: A Dataset for Limited-Vocabulary Speech Recognition": {
        "url": "https://arxiv.org/abs/1804.03209",
        "desc": ""
    },
    "Worldwide tap water quality survey results at city geo level with over 10,000 responses.": {
        "url": "http://tapwater.in/london",
        "desc": ""
    },
    "Using Thresholds to Track United States Inflation": {
        "url": "https://github.com/axibase/atsd-use-cases/blob/master/Chart_of_the_Day/us-inflation/README.md",
        "desc": ""
    },
    "Zomato Data Visualisations - India": {
        "url": "https://www.kaggle.com/sahibachopra/zomato-data-analysis-nct-india",
        "desc": ""
    },
    "In 83 Million Eviction Records, a Sweeping and Intimate New Look at Housing in America": {
        "url": "https://www.nytimes.com/interactive/2018/04/07/upshot/millions-of-eviction-records-a-sweeping-new-look-at-housing-in-america.html?hp&action=click&pgtype=Homepage&clickSource=story-heading&module=first-column-region&region=top-news&WT.nav=top-news",
        "desc": ""
    },
    "A Database of Fugitive Slave Ads Reveals Thousands of Untold Resistance Stories": {
        "url": "https://hyperallergic.com/435183/freedom-on-the-move/",
        "desc": ""
    },
    "My sleep data over the last 18 months": {
        "url": "https://drive.google.com/file/d/10GFeDtEKuobZuA24kLgcPWtWGRGB4u8c/view?usp=drivesdk",
        "desc": ""
    },
    "Update for the Reddit Corpus": {
        "url": "https://www.reddit.com/r/datasets/comments/8aen5g/update_for_the_reddit_corpus/",
        "desc": "I have worked hard to fill in the gaps for the missing data and will be uploading the new files shortly to https://files.pushshift.io/reddit   (Update:  The files are now available here:  https://files.pushshift.io/reddit/submissions -- the filename format is RS_v2_yyyy-mm.xz)\n\nI would like to thank Nathan Matias (MIT Media Lab) and Devin Gaffney (Northeastern University) for their assistance in reviewing the data (https://arxiv.org/abs/1803.05046) that was collected and pointing out deficiencies.  Their work was a huge contribution to help keep this project as accurate as possible.\n\nBelow is a table showing the incompleteness of the existing data dumps for submissions.  The new files will be titled in the format \"RS_v2_yyyy-mm\" For the old files that are being replaced, I will move them to a directory labeled \"old_v1_data\" for historical purposes.  \n\nHere is a breakdown of how data was affected for Reddit submissions. v1_data is the number of submissions from my original data dumps.  v2_data represents the new data that was collected over the past week.  \n\nDate | v1_data | v2_data | Percent Incomplete\n:--|--:|--:|--:\n 2005-06 |            0 |          103 |      100\n 2005-07 |            0 |         1079 |      100\n 2005-08 |            0 |         2069 |      100\n 2005-09 |            0 |         2449 |      100\n 2005-10 |            0 |         3498 |      100\n 2005-11 |            0 |         3699 |      100\n 2005-12 |            0 |         5356 |      100\n 2006-01 |          145 |         8048 |    98.20\n 2006-02 |          427 |         9501 |    95.51\n 2006-03 |          206 |        12525 |    98.36\n 2006-04 |          313 |        12556 |    97.51\n 2006-05 |          206 |        14701 |    98.60\n 2006-06 |          400 |        16942 |    97.64\n 2006-07 |          120 |        24026 |    99.50\n 2006-08 |            0 |        40750 |      100\n 2006-09 |            0 |        54043 |      100\n 2006-10 |            0 |        38333 |      100\n 2006-11 |            0 |        36824 |      100\n 2006-12 |            0 |        36434 |      100\n 2007-01 |          385 |        43725 |    99.12\n 2007-02 |          919 |        47317 |    98.06\n 2007-03 |          461 |        58642 |    99.21\n 2007-04 |            0 |        61544 |      100\n 2007-05 |            0 |        65098 |      100\n 2007-06 |          606 |        62693 |    99.03\n 2007-07 |         1271 |        73248 |    98.26\n 2007-08 |            0 |        84952 |      100\n 2007-09 |            0 |        91294 |      100\n 2007-10 |        58366 |       101633 |    42.57\n 2007-11 |       106747 |       106868 |     0.11\n 2007-12 |       110969 |       111193 |     0.20\n 2008-01 |       141857 |       142310 |     0.32\n 2008-02 |       147985 |       147834 |    -0.10\n 2008-03 |       168617 |       168227 |    -0.23\n 2008-04 |       167745 |       167472 |    -0.16\n 2008-05 |       177537 |       177022 |    -0.29\n 2008-06 |       191173 |       190682 |    -0.26\n 2008-07 |       218585 |       218092 |    -0.23\n 2008-08 |       212930 |       212552 |    -0.18\n 2008-09 |       256999 |       256268 |    -0.29\n 2008-10 |       283972 |       282974 |    -0.35\n 2008-11 |       273846 |       272505 |    -0.49\n 2008-12 |       285426 |       283915 |    -0.53\n 2009-01 |       332872 |       331060 |    -0.55\n 2009-02 |       330357 |       329042 |    -0.40\n 2009-03 |       364512 |       362805 |    -0.47\n 2009-04 |       359146 |       357107 |    -0.57\n 2009-05 |       356919 |       355193 |    -0.49\n 2009-06 |       385892 |       383969 |    -0.50\n 2009-07 |       429196 |       427135 |    -0.48\n 2009-08 |       437135 |       435860 |    -0.29\n 2009-09 |       444242 |       443037 |    -0.27\n 2009-10 |       463647 |       461702 |    -0.42\n 2009-11 |       454776 |       452320 |    -0.54\n 2009-12 |       494608 |       492225 |    -0.48\n 2010-01 |       554641 |       549007 |    -1.03\n 2010-02 |       512342 |       506868 |    -1.08\n 2010-03 |       612493 |       602586 |    -1.64\n 2010-04 |       627439 |       617302 |    -1.64\n 2010-05 |       527512 |       515637 |    -2.30\n 2010-06 |       489998 |       478396 |    -2.43\n 2010-07 |       512149 |       504098 |    -1.60\n 2010-08 |       547488 |       537480 |    -1.86\n 2010-09 |       610255 |       600209 |    -1.67\n 2010-10 |       641176 |       630298 |    -1.73\n 2010-11 |       685551 |       674615 |    -1.62\n 2010-12 |       742380 |       729840 |    -1.72\n\n**A few points:**\n\nThe far right column shows the completeness factor for the original data dumps.  100 represents a complete absence of any data for that time period from the original ingest (v1_data).  Some of the percentages are negative reflecting that the original data dump has more data compared to the new data dumps.  The reason for this is that, over time (since I collected the original data) some submissions were removed from Reddit.  \n\nAs you can see from the table above, there was a substantial amount of missing submissions from the original data dumps for data that was submitted to Reddit before November, 2007. \n\nIf you are doing analysis on data from the earlier period of Reddit, you will probably want to grab both the old and new data and do a merge on the data as you see fit.  Keep in mind that the scores will be different for the same ids because Reddit changed how they represent scores for submissions and comments a year or so ago.  Previously, they applied a \"fudge factor\" to scores.  The new scores (from the v2 data) is a more realistic representation of the true score -- so use those scores when possible.  I hope to eventually grab all submissions again to capture the new scores. I will keep the old data for historical / academic purposes.\n\nThis is an ongoing project to help make these data dumps as complete as possible.  If you have any questions, please let me know.  \n\n**Update:**\n\nThe connection to https://files.pushshift.io has recently been upgraded to a one gigabit fiber connection.  The total bandwidth allotted for downloads is now approximately 100 megabytes per second.  This should substantially help with download speeds when multiple people are downloading the data.  "
    },
    "Catalogue of Datasets from Indian Govt": {
        "url": "https://data.gov.in/catalogs",
        "desc": ""
    },
    "Million Song Dataset Query Tool": {
        "url": "https://www.reddit.com/r/datasets/comments/89pryw/million_song_dataset_query_tool/",
        "desc": "Hi everyone,\n\nI built [Melanjj](http://melanjj-prod.appspot.com/), a tool to query the million song dataset and download the results as CSVs. I would love to get your feedback!\n\nThe project is still in development. You may experience issues downloading large files (> 10 GB). If you have any issues, [let me know](https://discordapp.com/invite/XQ9Rfpq) and I'll fix them and/or give you the data you want on DropBox.\n\nCheers."
    },
    "Introducing the Google Analytics Sample Dataset for BigQuery (12 months of real hit and session level data)": {
        "url": "https://analytics.googleblog.com/2018/03/introducing-google-analytics-sample.html",
        "desc": ""
    },
    "Noisy Signal Prediction Dataset": {
        "url": "https://www.kaggle.com/gchevalier/noisy-signal-prediction-dataset",
        "desc": ""
    },
    "Hundreds of free datasets from 5 sensors aboard NASA's Terra satellite": {
        "url": "https://lpdaac.usgs.gov/dataset_discovery",
        "desc": ""
    },
    "Domain Names with US Registrants — Registered between March 01, 2018 to March 15, 2018": {
        "url": "https://www.dataandsons.com/data-market/lead_generation/domain-names-with-us-registrants-registered-between-march-01-2018-to-march-15-2018",
        "desc": ""
    },
    "My first scrape: Anthony Fantano Album and EP review scores": {
        "url": "https://www.kaggle.com/jaredarcilla/anthony-fantano-reviews/data",
        "desc": ""
    },
    "Data cleansing with Ames Housing dataset": {
        "url": "https://www.kaggle.com/datalana/data-cleansing-with-ames-housing-dataset",
        "desc": ""
    },
    "Beginner's Guide to Capsule Networks": {
        "url": "https://www.kaggle.com/fizzbuzz/beginner-s-guide-to-capsule-networks",
        "desc": ""
    },
    "US President Executive Orders": {
        "url": "https://www.federalregister.gov/executive-orders",
        "desc": ""
    },
    "Free datasets from multiple studies on equality, income mobility, race, wealth, etc. Studies by Harvard, Stanford, US Census, etc.": {
        "url": "http://www.equality-of-opportunity.org/data/",
        "desc": ""
    },
    "YouTube Comments as the dataset for sentiment analysis.": {
        "url": "https://www.reddit.com/r/datasets/comments/85mjjr/youtube_comments_as_the_dataset_for_sentiment/",
        "desc": "what can we predict using comments from youtube by sentiment analysis?\nhow to use that youtube comments as the dataset and what we can achieve more?"
    },
    "Yearly Archive of Headlines on the Reuters News Wire": {
        "url": "https://www.kaggle.com/therohk/reuters-news-wire-archive",
        "desc": ""
    },
    "12 Million Sensitive URLs Available for Download": {
        "url": "http://nerdydatablog.com/2018/03/13/12-million-sensitive-urls-available-for-download/",
        "desc": ""
    },
    "Dataset for Quotes with categories and popularity": {
        "url": "https://github.com/akmittal/quotes-dataset",
        "desc": ""
    },
    "Self Driving Car dataset from Baidu": {
        "url": "https://medium.com/@Synced/baidu-apollo-releases-massive-self-driving-dataset-teams-up-with-berkeley-deepdrive-5e785ab4053b",
        "desc": ""
    },
    "Help please! Need Utility Asset Dataset": {
        "url": "https://www.reddit.com/r/datasets/comments/84pxxk/help_please_need_utility_asset_dataset/",
        "desc": "Hey friendly Reddit folks\n\nDoes anyone have access to utility company asset data?  \n\nType of asset possibilities:  (choose 1 if you have it)\n1- Inspection Data (Date of Inspection and Asset ID Associated Work Performed)\n2- Maintenance Data (Date of Maintenance and Asset ID Associated Work Performed)\n3- Failure Data (Asset ID Associated Failure Cause and Date)\n4- Asset ID Data\n\nWith the following fields:\n-Asset ID Data\n-Location Data (Asset ID-Pole ID Relationship and Pole GPS Location)\n-Installation Date (if available)\n-Asset Class\n-Asset Type\n-Retirement Date (If replaced at End of Life)\n\nHUGE PLUS (though not required) if it came with:\n\n-Linear and Point Data\n-Attributes (e.g. Substation, Reclosers, Poles, Transformers, Meters, etc.)\n-(If they have LiDar or PhoDar data, that can also be quite powerful for the simulation engine)\n\nThanks for your help homies!"
    },
    "Need data/statistics related to Gambling...": {
        "url": "https://www.reddit.com/r/datasets/comments/84n9wi/need_datastatistics_related_to_gambling/",
        "desc": "Can someone give me inputs to where I can legally find data related to Gambling? I'm aiming to perform a detailed analysis of the economic impacts of Gambling. I need some valid statistics or research papers where Gambling is the main concern, irrespective of the country the data is from. \n\nPlease help me it will be a great help! "
    },
    "USA Population by State by Year (1917-2017) - US Census Intercensal Estimates manually aggregated/cleaned": {
        "url": "https://github.com/aaronpenne/data_visualization/blob/master/population/data/USA_Population_of_States_US_Census_Intercensal_Tables_1917-2017.csv",
        "desc": ""
    },
    "Happy Pi Day: What people looked for within the first billion digits of Pi, over the last year.": {
        "url": "http://three.onefouronefive.net/2017.html",
        "desc": ""
    },
    "Mutant Plant Varieties": {
        "url": "https://mvd.iaea.org/#!Home",
        "desc": ""
    },
    "Now in BigQuery: Global Fishing Watch Data": {
        "url": "http://globalfishingwatch.io/bigquery/2018/02/22/our-data-in-bigquery.html",
        "desc": ""
    },
    "Georgia Student Health Survey": {
        "url": "http://www.gadoe.org/Curriculum-Instruction-and-Assessment/Curriculum-and-Instruction/GSHS-II/Pages/GSHS-Results.aspx",
        "desc": ""
    },
    "Now in BigQuery: Statistics for NCAA men's and women's basketball back to 1894, updated weekly": {
        "url": "https://console.cloud.google.com/launcher/details/ncaa-bb-public/ncaa-basketball",
        "desc": ""
    },
    "All Seinfeld scripts and episode details.": {
        "url": "https://www.kaggle.com/thec03u5/seinfeld-chronicles",
        "desc": ""
    },
    "I made a (rough) script to extract hourly Bitcoin data from 2013. Here is the script and the data": {
        "url": "https://github.com/warproxxx/Historical-Hourly-Bitstamp-Python",
        "desc": ""
    },
    "Rural and urban schools in Mexico 2016": {
        "url": "https://www.kaggle.com/geocomuna",
        "desc": ""
    },
    "Every available Oscars speech from 1939": {
        "url": "https://www.kaggle.com/cerosdotcom/oscars-speeches",
        "desc": ""
    },
    "2018 Oscar Nominees": {
        "url": "https://data.world/graphhopper/2018-oscar-nominees",
        "desc": ""
    },
    "The PA-X Peace Agreements Database contains structured information about 1,500+ “formal, publicly-available documents” that address “conflict with a view to ending it.” The database covers more than 140 peace processes between 1990 and 2015.": {
        "url": "https://www.peaceagreements.org/",
        "desc": ""
    },
    "2016 Presidential Election Durham, NC": {
        "url": "https://data.world/durhamnc/2016-presidential-election-durham",
        "desc": ""
    },
    "Large video clippings dataset for activity recognition and localization.": {
        "url": "http://slac.csail.mit.edu/",
        "desc": ""
    },
    "NBC News publishes CSV download of 200,000 malicious Russian tweets from the 2016 election": {
        "url": "https://www.nbcnews.com/tech/social-media/now-available-more-200-000-deleted-russian-troll-tweets-n844731?cid=sm_npd_nn_tw_ma",
        "desc": ""
    },
    "Putting together some datasets (x-post /r/space)": {
        "url": "https://www.reddit.com/r/datasets/comments/7xofld/putting_together_some_datasets_xpost_rspace/",
        "desc": "I'm putting together some datasets. Currently I'm working on a list of astronauts and a list of launch systems. I thought I'd share what I currently have (it's not much) and see if there are any suggestions before I a ton more time into it.\n\nOther data columns I should add? I want to finish these two lists before I add others, but if you have suggestions for other datasets let me know as well.\n\nI'm not specifically looking for help but if you want to the sheet is public editable (yeah, might be a bad idea, we'll see.)\n\nhttps://docs.google.com/spreadsheets/d/1QmJLMWPlemtcnYk-A9rjapQAR0dzppUYfqlKGd3fuXg/"
    },
    "We're mapping out the entire human skillset! And you can download it for free.": {
        "url": "http://en.skill-project.org/skills",
        "desc": ""
    },
    "Financial Well-being Survey Data": {
        "url": "https://data.world/cfpb/financial-well-being-survey-data",
        "desc": ""
    },
    "DANBOORU2017: Large-scale anime image database with 2.9m+ images annotated with 58.8m+ tags": {
        "url": "https://www.gwern.net/Danbooru2017",
        "desc": ""
    },
    "10,000 Classic Movie Posters": {
        "url": "https://www.openculture.com",
        "desc": ""
    },
    "1,600 Occult Books": {
        "url": "http://www.openculture.com/2018/02/1600-occult-books-now-digitized-put-online.html",
        "desc": ""
    },
    "Panic! at the Dataset | Panic at the Disco Discography Lyrics w/ Sentiment": {
        "url": "https://www.kaggle.com/theriley106/panic-at-the-dataset",
        "desc": ""
    },
    "Collection of daily coin data from Coin Metrics": {
        "url": "https://data.world/scuttlemonkey/coin-metrics",
        "desc": ""
    },
    "Dataset containing Valid Addresses from all ~20,000 Zipcodes in the US": {
        "url": "https://www.kaggle.com/theriley106/valid-addresses-by-us-zip-code",
        "desc": ""
    },
    "Word frequency list of top 100,000 words on Project Gutenburg": {
        "url": "https://en.wiktionary.org/wiki/Wiktionary:Frequency_lists",
        "desc": ""
    },
    "Irish Electric Vehicle Charge Point Status Datasets": {
        "url": "http://www.mlopt.com/?p=6598",
        "desc": ""
    },
    "HIV Diagnosis and Prevalence Data for U.S by State & County from CDC": {
        "url": "https://data.world/mschnars/hiv-diagnosis-prevalence-in-u-s-by-state-county",
        "desc": ""
    },
    "2015 Nepal Earthquake: Open Data Portal - Socioeconomic and building damage assessment data for ~762,000 buildings.": {
        "url": "https://opendata.klldev.org",
        "desc": ""
    },
    "13.6 million game dataset, 18k through 9p": {
        "url": "https://github.com/CamWagner/go-dataset",
        "desc": ""
    },
    "Bollywood (Indian Hindi Cinema) Movie Dataset": {
        "url": "https://www.kaggle.com/mitesh58/bollywood-movie-dataset",
        "desc": ""
    },
    "Powerlifting Data": {
        "url": "http://www.openpowerlifting.org/data.html",
        "desc": ""
    },
    "50,000+ TripAdvisor reviews posted for The Eiffel Tower": {
        "url": "https://data.world/promptcloud/50-000-tripadvisor-reviews-for-the-eiffel-tower",
        "desc": ""
    },
    "Austin Crime Report 2015": {
        "url": "https://data.world/dash/austin-crime-report-2015",
        "desc": ""
    },
    "Git history datasets for popular Open Source projects": {
        "url": "https://github.com/gitential/datasets",
        "desc": ""
    },
    "Transcripts for all State of the Union (SOTU) addresses": {
        "url": "https://github.com/BrianWeinstein/state-of-the-union",
        "desc": ""
    },
    "Monopoly Board Frequencies and Economics": {
        "url": "https://data.world/dataremixed/monopoly-board-frequencies-and-economics",
        "desc": ""
    },
    "HappyDB: A Corpus of 100,000 Crowdsourced Happy Moments": {
        "url": "https://www.kaggle.com/ritresearch/happydb",
        "desc": ""
    },
    "Historical Grammy Award Data (~60 Years)": {
        "url": "https://www.kaggle.com/theriley106/grammyawardsinnumbers",
        "desc": ""
    },
    "Store cashier data sets to find correlation between item orders": {
        "url": "https://www.reddit.com/r/datasets/comments/7t3pwr/store_cashier_data_sets_to_find_correlation/",
        "desc": "can someone help me find data sets where i can see the items that people buy together"
    },
    "Parsed text of 5400 TED talks (TED, TEDx, TEDed). Build something cool.": {
        "url": "https://github.com/saranyan/TED-talks",
        "desc": ""
    },
    "Voice recordings with minimal background noise?": {
        "url": "https://www.reddit.com/r/datasets/comments/7sy347/voice_recordings_with_minimal_background_noise/",
        "desc": "A friend is seeking audio recordings of people talking that are relatively clean - minimal background noise.\n\nIdeally varied content and languages, and at high scale.\n\nIt need not be transcribed, it is not for speech recognition."
    },
    "Network Dynamics Datasets: 38,000 Networks, 2.5 Million Graphs (~1 TB of compressed data) constructed form Reddit, Microsoft Academic, Chess Games (FICS), Bitcoin, and WikiTree": {
        "url": "https://dynamics.cs.washington.edu",
        "desc": ""
    },
    "A dataset with 184,879 crimes committed in Buenos Aires": {
        "url": "https://github.com/ramadis/delitos-caba",
        "desc": ""
    },
    "Ransom Center's movie poster collection (University of Texas at Austin)": {
        "url": "https://hrc.contentdm.oclc.org/digital/collection/p15878coll84",
        "desc": ""
    },
    "Enrolling Class Statistics for 311 US Universities": {
        "url": "https://www.kaggle.com/theriley106/university-statistics/data",
        "desc": ""
    },
    "Database of College Common Data Sets (173 Schools)": {
        "url": "https://www.kaggle.com/theriley106/college-common-data-sets",
        "desc": ""
    },
    "Datasets for comparing git histories of PyTorch, Tensorflow, Keras, Microsoft CNTK, Caffe2": {
        "url": "https://github.com/gitential/datasets",
        "desc": ""
    },
    "The NYC Marriage Index: searchable and downloadable database of marriage licenses from 1950-1995 (3.1M records)": {
        "url": "https://www.nycmarriageindex.com/",
        "desc": ""
    },
    "Fatality Analysis Reporting System (FARS) Data": {
        "url": "https://data.world/nrippner/fatality-analysis-reporting-system-fars-data-tables",
        "desc": ""
    },
    "11372 Steam accounts with only numbers in their name (bans, friendcount, game data, misc data)": {
        "url": "https://gist.githubusercontent.com/meepdarknessmeep/76b10637d4ea9f0ffefe1c5b6fd78088/raw/ee7b4783854400defa616897cc8f568c477fa65b/steam_accounts_with_number_names.json",
        "desc": ""
    },
    "PlayerUnknown's Battleground (PUBG) Dataset recording over 65 Milion detailed deaths in over 720 thousand matches": {
        "url": "https://www.kaggle.com/skihikingkevin/pubg-match-deaths",
        "desc": ""
    },
    "Law Enforcement Drug Slang/Drug Nicknames Dataset": {
        "url": "https://www.kaggle.com/theriley106/dea-drug-slang-code-words",
        "desc": ""
    },
    "[Request] Automobile production by country and model/make": {
        "url": "https://www.reddit.com/r/datasets/comments/7pl16z/request_automobile_production_by_country_and/",
        "desc": "I know there are some data on the net for specific countries, such as the US, but is there a global dataset for automobile production by countries to perform some comparative analyses on."
    },
    "2682 Instant Noodle Ratings": {
        "url": "https://www.theramenrater.com/resources-2/the-list/",
        "desc": ""
    },
    "Resident Advisor Electronic and Dance Music Reviews 2001 - 2017": {
        "url": "https://www.kaggle.com/marcschroeder/17-years-of-resident-advisor-reviews",
        "desc": ""
    },
    "Census Bureau Shapefiles": {
        "url": "https://www.census.gov/geo/maps-data/data/tiger-line.html",
        "desc": ""
    },
    "Dutch crime stats of The Hague and nearby cities, scraped from a police website": {
        "url": "https://github.com/neufv/thehague_crime_data",
        "desc": ""
    },
    "URLs for U.S. government sites (such as local city and state sites) that don't end in .gov or .mil": {
        "url": "https://github.com/GSA/govt-urls",
        "desc": ""
    },
    "Birth Certificate Data from the CDC": {
        "url": "https://www.reddit.com/r/datasets/comments/7nk1p9/birth_certificate_data_from_the_cdc/",
        "desc": "I am working with publicly available birth certificate data through the CDC [Wonder](https://wonder.cdc.gov) query tool. \n\nIf anyone else has worked with this dataset I would love to compare notes. "
    },
    "24 thousand tweets from major incubators and accelerators": {
        "url": "https://www.kaggle.com/derrickmwiti/twenty-four-thousand-tweets-later",
        "desc": ""
    },
    "EmoSim508 Dataset - Largest Emoji Similarity Dataset with Similarity Ratings for 508 Emoji Pairs": {
        "url": "https://www.kaggle.com/sanjayaw/emosim508",
        "desc": ""
    },
    "English Premier League in-game match details data for the past 4 seasons.": {
        "url": "https://www.kaggle.com/shubhmamp/english-premier-league-match-data",
        "desc": ""
    },
    "EmojiNet Dataset - The First Machine-readable Emoji Meaning Dictionary": {
        "url": "https://www.kaggle.com/rtatman/emojinet",
        "desc": ""
    },
    "Financial Distress Prediction": {
        "url": "https://www.kaggle.com/shebrahimi/financial-distress",
        "desc": ""
    },
    "This should be a fun one!!!": {
        "url": "https://www.reddit.com/r/datasets/comments/7mligf/this_should_be_a_fun_one/",
        "desc": "\n2 Million human labeled 10 second sound clips from events in youtube videos, organized into 632 classes!!\n\n\n\nhttps://research.google.com/audioset/download.html\n\nhere is the paper: https://research.google.com/pubs/archive/45857.pdf "
    },
    "Bitcoin Cash (BCH) live trades to CSV.": {
        "url": "https://github.com/softban/save-gdax",
        "desc": ""
    },
    "Big dataset of code written in 41 language": {
        "url": "https://www.kaggle.com/zavadskyy/lots-of-code",
        "desc": ""
    },
    "Grocery Prices, ~20,000 Woolworths Products": {
        "url": "https://github.com/tail-recursion/grocery-prices",
        "desc": ""
    },
    "FIFA worldcup 2018": {
        "url": "https://www.kaggle.com/ahmedelnaggar/fifa-worldcup-2018-dataset",
        "desc": ""
    },
    "Big Data Set for Crypto: CoinMarketCap": {
        "url": "https://www.reddit.com/r/datasets/comments/7keo6g/big_data_set_for_crypto_coinmarketcap/",
        "desc": "Hi guys,\n\nI have a huge data set from the past couple of months with the price of cryptocurrencies off of CoinMarketCap. The CoinMarketCap data is every five minutes. I collected data between August and November. The data is in csv format. Let me know if you are interested in the data in another format. https://github.com/iamrobinhood12345/coinmarketcap_data"
    },
    "Reddit November 2017 comments are now available.": {
        "url": "https://www.reddit.com/r/u_Stuck_In_the_Matrix/comments/7kcvr1/reddit_november_2017_comments_are_now_available/",
        "desc": ""
    },
    "World War 1 Diaries": {
        "url": "https://www.operationwardiary.org/",
        "desc": ""
    },
    "List of Billionaires": {
        "url": "https://docs.google.com/spreadsheets/d/1IbqxfAlWOiY1zlW0d5UQcPWqeP_FEmPsirMs0q3fcCU/edit?usp=sharing",
        "desc": ""
    },
    "A Linked Data collection of movies, actors, directors, and the relationships between": {
        "url": "https://data.world/linked-data/linkedmdb",
        "desc": ""
    },
    "All scores from/to countries given during Eurovision Song Contest 1975-2017": {
        "url": "https://www.kaggle.com/datagraver/eurovision-song-contest-scores-19752017",
        "desc": ""
    },
    "CAVE | Databases: FaceTracer Database (University of Columbia)": {
        "url": "http://www.cs.columbia.edu/CAVE/databases/facetracer/",
        "desc": ""
    },
    "FCC Net Neutrality Electronic Comment Filings as of November 3 2017 (zipped JSON)": {
        "url": "https://apps.fcc.gov/edocs_public/attachmatch/DA-17-1089A1.pdf",
        "desc": ""
    },
    "High-resolution data sets on global man-made impervious surfaces and urban extents": {
        "url": "https://urbandemographics.blogspot.ie/2017/12/high-resolution-data-sets-on-global-man.html",
        "desc": ""
    },
    "Dataset Containing ISP Contributions and Net Neutrality Position for all 535 Members of Congress": {
        "url": "https://www.kaggle.com/theriley106/net-neutrality-accountability",
        "desc": ""
    },
    "Detailed data on nonfatal and fatal police shootings in the 50 largest U.S. police departments": {
        "url": "https://news.vice.com/story/nonfatal-police-shootings-data",
        "desc": ""
    },
    "High-resolution images of archaeological sites, with buildings and art of areas of the former Roman empire": {
        "url": "http://www.manar-al-athar.ox.ac.uk/dams/pages/home.php",
        "desc": ""
    },
    "Rome B&Bs reviews: a corpus of 220k entries scraped from TripAdvisor": {
        "url": "https://www.kaggle.com/nicodds/rome-b-and-bs",
        "desc": ""
    },
    "States where those affected by DACA live": {
        "url": "https://data.world/caitlyn/states-where-those-affected-by-daca-live",
        "desc": ""
    },
    "Darknet Market Cocaine Listings": {
        "url": "https://www.kaggle.com/everling/cocaine-listings",
        "desc": ""
    },
    "Drugs and Effects dataset (free or paid)": {
        "url": "https://www.reddit.com/r/datasets/comments/7iesc6/drugs_and_effects_dataset_free_or_paid/",
        "desc": "Hello everyone, \nI am currently doing research on drug interactions and a bunch of other good stuff. We have ran into issues in finding datasets that are appropriate to our needs, and due to a lack of human resources would really like to avoid building the datasets by hand. The focus of our need would be a dataset composed of the following columns : \nDrugname/Drug Class/Subclass/Main use/info dosage/Other use/ Disease interaction/Drug interaction/Method of use/ Food interaction.\nI would need this information for all drugs available in the market. As I said I'm ready to buy this data, so if you guys have any leads, let me know. \nCheers"
    },
    "My first data set of Agora Marketplace data. Parsed html rip that contains the years of 2014-2015. I'd love some feedback!": {
        "url": "https://www.kaggle.com/philipjames11/dark-net-marketplace-drug-data-agora-20142015",
        "desc": ""
    },
    "16 Years of News Headlines Focusing on India (2.6M records)": {
        "url": "https://www.kaggle.com/therohk/india-headlines-news-dataset",
        "desc": ""
    },
    "Reddit November 2017 submissions are now available. Please see further details inside.": {
        "url": "https://www.reddit.com/r/datasets/comments/7ho8d3/reddit_november_2017_submissions_are_now/",
        "desc": "The November submissions dump is now available.  This dump also includes the last remaining posts from /r/incels (up to when it was permanently banned on November 3).  \n\nThere are a total of 10,377,379 submissions in this dump.\n\nThe file size is 3,206,303,853 bytes compressed / 22,475,953,759 uncompressed.\n\nSHA256SUM: fefce8f8e4a41ba41048cc01b23a6f5288bc0c6b7ae497a10a327a951d31de69\n\n------------------------\n\n# Important info\n\n**New field for submission objects:**\n\nThere is a new field available called \"subreddit_type.\"  This field usually has a value of \"public\" but can also have a value of \"user\" if someone makes a post in their profile page.  The Washington Post makes extensive use of this new feature.\n\n**Upcoming changes in 2018:**\n\nThere have been a lot of requests for smaller file sizes since the monthly dumps (especially for comments) is rather large.  Beginning in 2018, I will be providing daily comment and submission dumps.  I will still provide the monthly dumps in the same format that I have in the past, but the daily dumps will give people the ability to test their programs on much smaller data files.  \n\nThe daily dumps will have a 3 day lag in order to allow scores to settle while also allowing users to remove or delete comments and posts that may have accidentally included private information or other data that was not intended to be archived long-term.  The daily dumps will include submissions and comments within one archived file and will have the format RCS_YYYY-MM-DD.bz2. For example, on January 5'th, 2018, the daily comment and submissions made on January 1'st will be available as RCS_2018-01-01.bz2\n\nIf you have any questions or comments, please let me know!\n\nAlso, as always, if you would like to donate to this project, please use the following link:  https://pushshift.io/donations/  -- donations are always appreciated but never required.  Donations do help tremendously in offsetting the costs of the archive and API project which has now exceeded over $10k in expenses.  Thank you!!"
    },
    "New York City citywide payroll data (~2.2M records)": {
        "url": "https://data.cityofnewyork.us/City-Government/Citywide-Payroll-Data-Fiscal-Year-/k397-673e",
        "desc": ""
    },
    "Crime reporting in Brazil": {
        "url": "https://www.kaggle.com/inquisitivecrow/crime-data-in-brazil",
        "desc": ""
    },
    "Snake Eyes | Kaggle * A dataset of tiny images for researching translation and rotation invariance": {
        "url": "https://www.kaggle.com/nicw102168/snake-eyes",
        "desc": ""
    },
    "Directory of twitter handles who participate in fake trends on @TwitterIndia.xlsx": {
        "url": "https://drive.google.com/open?id=17jVjD4yJgStXJTG9ixanJyFFpkK5sjAn",
        "desc": ""
    },
    "UN General Assembly speeches": {
        "url": "https://data.world/jmalina/un-general-speeches",
        "desc": ""
    },
    "Announcing the Initial Release of Mozilla’s Open Source Speech Recognition Model and Voice Dataset": {
        "url": "https://blog.mozilla.org/blog/2017/11/29/announcing-the-initial-release-of-mozillas-open-source-speech-recognition-model-and-voice-dataset/",
        "desc": ""
    },
    "Games with the most views on YouTube": {
        "url": "https://www.letsplayindex.com/games/most-views",
        "desc": ""
    },
    "Goodreads book rating dataset": {
        "url": "http://fastml.com/goodbooks-10k-a-new-dataset-for-book-recommendations/",
        "desc": ""
    },
    "All US Craft Breweries": {
        "url": "https://www.dataandsons.com/categories/lead_generation/us-craft-breweries",
        "desc": ""
    },
    "A collection of 802 pokemon images": {
        "url": "https://www.kaggle.com/dollarakshay/pokemon-images",
        "desc": ""
    },
    "People of Lord of the Rings by /u/Gandalf117": {
        "url": "https://www.dropbox.com/s/7kcxtnsg1yvmd0z/",
        "desc": ""
    },
    "Reddit October 2017 submissions are now available.": {
        "url": "https://www.reddit.com/r/datasets/comments/7fc1xx/reddit_october_2017_submissions_are_now_available/",
        "desc": "The Reddit October 2017 submissions are now available at https://files.pushshift.io/reddit/submissions/RS_2017-10.bz2\n\nThere are a total of 10,281,718 posts.  \n\nThe compressed file size is 3,158,134,761 bytes.  \n\nThe uncompressed size is 21,972,040,773 bytes.\n\nSHA256SUM: 4aee0ed4e8cc0fa2bb6292fa97b68eb9528adc076f1fdc45be0ff670e722c867\n\nThe reason this dump took longer than normal was due to having to manually shuffle data from the real-time ingest database and include posts from /r/Incels in the dump.  I felt that it was beneficial to include this data for academic study purposes.\n\nIf you have any questions about this dump or the data in general, please feel free to post your questions here.  Thank you!\n\n"
    },
    "Estimating Sales Ranks of Juicers": {
        "url": "https://www.kaggle.com/mylogic/estimating-sales-ranks-of-juicers",
        "desc": ""
    },
    "Federal Register Data Converted for Accessibility": {
        "url": "https://www.reddit.com/r/datasets/comments/7elbqm/federal_register_data_converted_for_accessibility/",
        "desc": "The [Federal Register](https://www.federalregister.gov/) publishes [bulk data](https://www.gpo.gov/fdsys/bulkdata/FR) that contains an xml document for each day. Having 3,000 arcane xml documents across 10 years makes it hard to crunch for visualizations and not everyone is an xml wizard. I reduced, cleaned, and combined all the xml documents into a single csv. A researcher came across the dataset and asked if I could open it up and make it reproducible so that others can follow the same steps and potentially improve the process or add new fields to the csv (as the csv doesn't contain every field from the xml).\n\nThe [github repo](https://github.com/nickbabcock/register) contains everything needed to pull the data down, transform, combine, and there's a sample R script for visualizations. The latest csv can also be found under [Releases](https://github.com/nickbabcock/register/releases)"
    },
    "10,000 food products and their ingredients": {
        "url": "https://data.world/datafiniti/food-ingredient-lists",
        "desc": ""
    },
    "Ryanair Flights + Fares, November 2017 Onwards": {
        "url": "https://www.reddit.com/r/datasets/comments/7efhqu/ryanair_flights_fares_november_2017_onwards/",
        "desc": "I spent a few days compiling but never had any time to do anything with it so I thought I'd put it up here and see if anyone wants to play around with it and get something meaningful out of it. I run a business that scrapes data from the web, but felt like doing this for 'fun' considering I'm a big aviation dork, and it's got nothing to do with my day job.\n\nEarly in November I scraped Ryanair's website for all their flights that they had published as of the date I started. Took about 4 days of continual queries (mostly to avoid getting IP blocked), and ended up with data on roughly 725,000 flights.\n\nThis was scraped in a series of steps from Ryanair - first was to query all the city combinations and get the dates for each flight. Second step was to then query each of those combinations and get the routings and fares returned. Ryanair does this through a series of easy to expose API's so it's just a matter of iterating through them enough time to get what you are looking for. Third was to take those results and aggregate them into a nice, clean output and blend it with some additional attributes and location data from [OurAirports](http://ourairports.com/data/).\n\nI did all of this using [FME](https://www.safe.com/), mostly because I love that tool despite my day-to-day job living almost exclusively in Python. I have linked my original workflows below too- feel free to use them to your hearts content. \n\nHere's whats in each file:\n\n* **Date** - Flight Departure Date\n* **Route Origin Airport** - Ryanair Airport Code\n* **Route Origin Name** - Ryanair Origin Name\n* **Origin_Airport Name** - OurAirports\n* **Origin_City** - OurAirports\n* **Origin_Country** - OurAirports\n* **Origin_Airport Code**  - OurAirports\n* **Origin_ICAO Code** - OurAirports\n* **Origin_Latitude** - OurAirports\n* **Origin_Longitude** - OurAirports\n* **Origin_Altitude** - OurAirports\n* **Origin_Timezone** - OurAirports\n* **Route Destination Airport**\n* **Route Destination Name**\n* **Destination_Airport Name**\n* **Destination_City**\n* **Destination_Country**\n* **Destination_Airport Code**\n* **Destination_ICAO Code**\n* **Destination_Latitude**\n* **Destination_Longitude**\n* **Destination_Altitude**\n* **Destination_Timezone**\n* **Flight Key** - Best I can tell is that this is the closest thing to a unique key that Ryanair published about each flight. \n* **Flight Duration** - HH:MM\n* **Fare Key** - Similar to the flight key, this denotes unique fares found - these are not unique in the dataset though, they are repeated regularly\n* **Fare Class** - Ryanair Fare CLass\n* **Fare Type** - What type of fare, all Adult fares in this dataset\n* **Fare Currency**\n* **Fare Amount** - in the above currency, including any discounts\n* **Fare Published** - 'sticker price', without discounts\n* **Fare Discounted** - T/F if it is discounted\n* **Fare Discount Pct** - percentage discount in the 'Fare Amount'\n* **Fare Has Promo**\n\nSomething to note about 'segments' below. Most airlines operate routes that combine flights. For example, flying Air Canada from Vancouver to Copenhagen is considered one route, with two segments: Vancouver to Toronto, and Toronto to Copenhagen. In the case of Ryanair, it does not appear that they do multi-segment routing yet - although last I heard, there were plans to do so. \n\n* **Segment Number** - should be '0' for everything\n* **Segment Flight Number**\n* **Segment Origin** - should be same as above listings\n* **Segment Destination** - should be same as above listings\n* **Segment Duration** - should be same as above listings\n* **Segment Distance (km)** - (NOT in nautical miles)\n* **Segment Origin Time - Local**\n* **Segment Origin Time - UTC**\n* **Segment Destination Time - Local**\n* **Segment Destination Time - UTC**\n* **Request Time UTC** - Date/Time that the request for the segment/fare was made. \n\nOutputs were done in CSV, GeoJSON, and Tableau TDE. There is also a fun file called 'Original.json' which is the full JSON returned from the initial API requests if you want to look something up. As well, the FME workflows that did all of this are here too.\n\n* [RyanairFlights - GeoJSON.zip](https://mega.nz/#!BeZSxYLZ!iFZr7IwczF--6guijZo66ClEGiqZ624z8ielfEZYwEY) - 30.8MB compressed, 1.45GB uncompressed\n* [RyanairFlightsCSV.zip](https://mega.nz/#!VLgVURBY!HXvH5ahbNKuhDVIgVYFM_nJAhMl55A79gPr2yusJ2qg) - 20.7MB compressed, 340MB uncompressed\n* [RyanairFlightsTDE.zip](https://mega.nz/#!oS5XARJI!M-poBvLmEJ6LH5UKoz0wGGISk7HtsSIAAhu9bdLrADE) - 17.9MB compressed, 75.9MB uncompressed (Lat/Long stored as spatial geometries)\n* [RyanairFlights - Original.zip](https://mega.nz/#!gfg3mShb!Hmq2zzUfQCtepRhI24HuM2jhlLejpj8gt74Xgm3h2NU) - 35.8MB compressed, 1.07GB uncompressed (this is the raw JSON one)\n* [FMEWorkflows.zip](https://mega.nz/#!ZbJVjBZC!kUuq3H8Jv9r7PilCrEWBT-gFnJ3XU4xBrchhB1yeWmM) - 69KB\n\nDon't hesitate to reply here if you have any questions, and be sure to let me know if you come up with something interesting out of this. \n"
    },
    "11,076 hand images of 190 subjects": {
        "url": "https://sites.google.com/view/11khands",
        "desc": ""
    },
    "Two Million Nature Illustrations Put Online by The Biodiversity Heritage Library": {
        "url": "http://www.openculture.com/2017/11/two-million-wondrous-nature-illustrations-put-online-by-the-biodiversity-heritage-library.html",
        "desc": ""
    },
    "[Dataset] Cryptocurrency Historical Data (Top 50)": {
        "url": "https://www.kaggle.com/jackml/cryptocurrency-historical-data",
        "desc": ""
    },
    "NOAA SPC Storm Reports (US Storm Prediction Center Storm Reports) in BigQuery": {
        "url": "http://console.cloud.google.com/launcher/details/noaa-public/noaa-spc-storm-reports",
        "desc": ""
    },
    "Paradise Papers database is now online": {
        "url": "https://offshoreleaks.icij.org/pages/database",
        "desc": ""
    },
    "Data literacy levels by gender, age, and job role from hugeinc.com": {
        "url": "https://data.world/hugeinc/data-literacy-queries",
        "desc": ""
    },
    "Box Scores and Standings with advanced calculations applied for 2016-2017 season": {
        "url": "https://www.kaggle.com/pablote/nba-enhanced-stats",
        "desc": ""
    },
    "U.S. State Department maximum travel per diem allowances for foreign areas over time": {
        "url": "https://data.world/dos/maximum-travel-per-diem-allowances-for-foreign-areas",
        "desc": ""
    },
    "Core Data: Essential Datasets for Data Wranglers and Data Scientists": {
        "url": "http://datahub.io/blog/core-data-essential-datasets-for-data-wranglers-and-data-scientists",
        "desc": ""
    },
    "U.S. county economic data compiler": {
        "url": "https://data.world/bergenmr/us-county-economic-data-compiler",
        "desc": ""
    }
}