{
    "ChartMaker": {
        "badSignals": {
            "::ffff:127.0.0.1": {
                "1530208629903": {
                    "adae7900-7afc-11e8-b374-c178d4740ec0": {
                        "ip": "::ffff:127.0.0.1",
                        "body": {
                            "login": true,
                            "tree": "DataMaker",
                            "key": "DataMeUp"
                        }
                    }
                },
                "1530208751888": {
                    "f663c100-7afc-11e8-a696-bfd8bab10fd8": {
                        "ip": "::ffff:127.0.0.1",
                        "body": {
                            "login": true,
                            "tree": "DataMaker",
                            "key": "DataMeUp"
                        }
                    }
                },
                "1530208865858": {
                    "3a525930-7afd-11e8-a5d5-051a4154d62d": {
                        "ip": "::ffff:127.0.0.1",
                        "body": {
                            "login": true,
                            "tree": "DataMaker",
                            "key": "DataMeUp"
                        }
                    }
                },
                "1530208934006": {
                    "62f0e870-7afd-11e8-bd7c-6fe2a7b4ec4c": {
                        "ip": "::ffff:127.0.0.1",
                        "body": {
                            "login": true,
                            "tree": "DataMaker",
                            "key": "DataMeUp"
                        }
                    }
                },
                "1530209233899": {
                    "15b0f2c0-7afe-11e8-afa4-1dc6392c6c7a": {
                        "ip": "::ffff:127.0.0.1",
                        "body": {
                            "login": true,
                            "tree": "DataMaker",
                            "key": "DataMeUp"
                        }
                    }
                },
                "1530209361318": {
                    "61a36460-7afe-11e8-852c-1db66856e5f6": {
                        "ip": "::ffff:127.0.0.1",
                        "body": {
                            "login": true,
                            "tree": "DataMaker",
                            "key": "DataMeUp"
                        }
                    }
                },
                "1530209416407": {
                    "82794e70-7afe-11e8-a1e0-4b58cf29dc26": {
                        "ip": "::ffff:127.0.0.1",
                        "body": {
                            "login": true,
                            "tree": "DataMaker",
                            "key": "DataMeUp"
                        }
                    }
                },
                "1530209706513": {
                    "2f63f810-7aff-11e8-82be-8d9da2575f4a": {
                        "ip": "::ffff:127.0.0.1",
                        "body": {
                            "isValid": true,
                            "tree": "DataMaker"
                        }
                    }
                },
                "1530209731772": {
                    "3e722fc0-7aff-11e8-aa80-f9823e24a8fd": {
                        "ip": "::ffff:127.0.0.1",
                        "body": {
                            "isValid": true,
                            "tree": "DataMaker"
                        }
                    }
                },
                "1530209732151": {
                    "3eac0470-7aff-11e8-aa80-f9823e24a8fd": {
                        "ip": "::ffff:127.0.0.1",
                        "body": {
                            "isValid": true,
                            "tree": "DataMaker"
                        }
                    }
                },
                "1530209732518": {
                    "3ee40460-7aff-11e8-aa80-f9823e24a8fd": {
                        "ip": "::ffff:127.0.0.1",
                        "body": {
                            "isValid": true,
                            "tree": "DataMaker"
                        }
                    }
                },
                "1530209732913": {
                    "3f204a10-7aff-11e8-aa80-f9823e24a8fd": {
                        "ip": "::ffff:127.0.0.1",
                        "body": {
                            "isValid": true,
                            "tree": "DataMaker"
                        }
                    }
                },
                "1530209733284": {
                    "3f58e640-7aff-11e8-aa80-f9823e24a8fd": {
                        "ip": "::ffff:127.0.0.1",
                        "body": {
                            "isValid": true,
                            "tree": "DataMaker"
                        }
                    }
                },
                "1530209733665": {
                    "3f930910-7aff-11e8-aa80-f9823e24a8fd": {
                        "ip": "::ffff:127.0.0.1",
                        "body": {
                            "isValid": true,
                            "tree": "DataMaker"
                        }
                    }
                },
                "1530209734054": {
                    "3fce6460-7aff-11e8-aa80-f9823e24a8fd": {
                        "ip": "::ffff:127.0.0.1",
                        "body": {
                            "isValid": true,
                            "tree": "DataMaker"
                        }
                    }
                },
                "1530209734418": {
                    "4005ef20-7aff-11e8-aa80-f9823e24a8fd": {
                        "ip": "::ffff:127.0.0.1",
                        "body": {
                            "isValid": true,
                            "tree": "DataMaker"
                        }
                    }
                },
                "1530209734793": {
                    "403f2790-7aff-11e8-aa80-f9823e24a8fd": {
                        "ip": "::ffff:127.0.0.1",
                        "body": {
                            "isValid": true,
                            "tree": "DataMaker"
                        }
                    }
                },
                "1530209735168": {
                    "40786000-7aff-11e8-aa80-f9823e24a8fd": {
                        "ip": "::ffff:127.0.0.1",
                        "body": {
                            "isValid": true,
                            "tree": "DataMaker"
                        }
                    }
                },
                "1530209735552": {
                    "40b2f800-7aff-11e8-aa80-f9823e24a8fd": {
                        "ip": "::ffff:127.0.0.1",
                        "body": {
                            "isValid": true,
                            "tree": "DataMaker"
                        }
                    }
                },
                "1530209735969": {
                    "40f29910-7aff-11e8-aa80-f9823e24a8fd": {
                        "ip": "::ffff:127.0.0.1",
                        "body": {
                            "isValid": true,
                            "tree": "DataMaker"
                        }
                    }
                },
                "1530209736368": {
                    "412f7b00-7aff-11e8-aa80-f9823e24a8fd": {
                        "ip": "::ffff:127.0.0.1",
                        "body": {
                            "isValid": true,
                            "tree": "DataMaker"
                        }
                    }
                },
                "1530209736791": {
                    "41700670-7aff-11e8-aa80-f9823e24a8fd": {
                        "ip": "::ffff:127.0.0.1",
                        "body": {
                            "isValid": true,
                            "tree": "DataMaker"
                        }
                    }
                },
                "1530209737155": {
                    "41a79130-7aff-11e8-aa80-f9823e24a8fd": {
                        "ip": "::ffff:127.0.0.1",
                        "body": {
                            "isValid": true,
                            "tree": "DataMaker"
                        }
                    }
                },
                "1530209737542": {
                    "41e29e60-7aff-11e8-aa80-f9823e24a8fd": {
                        "ip": "::ffff:127.0.0.1",
                        "body": {
                            "isValid": true,
                            "tree": "DataMaker"
                        }
                    }
                },
                "1530209737947": {
                    "42206ab0-7aff-11e8-aa80-f9823e24a8fd": {
                        "ip": "::ffff:127.0.0.1",
                        "body": {
                            "isValid": true,
                            "tree": "DataMaker"
                        }
                    }
                },
                "1530209738336": {
                    "425bc600-7aff-11e8-aa80-f9823e24a8fd": {
                        "ip": "::ffff:127.0.0.1",
                        "body": {
                            "isValid": true,
                            "tree": "DataMaker"
                        }
                    }
                },
                "1530209738710": {
                    "4294d760-7aff-11e8-aa80-f9823e24a8fd": {
                        "ip": "::ffff:127.0.0.1",
                        "body": {
                            "isValid": true,
                            "tree": "DataMaker"
                        }
                    }
                },
                "1530209739130": {
                    "42d4eda0-7aff-11e8-aa80-f9823e24a8fd": {
                        "ip": "::ffff:127.0.0.1",
                        "body": {
                            "isValid": true,
                            "tree": "DataMaker"
                        }
                    }
                },
                "1530209739594": {
                    "431bbaa0-7aff-11e8-aa80-f9823e24a8fd": {
                        "ip": "::ffff:127.0.0.1",
                        "body": {
                            "isValid": true,
                            "tree": "DataMaker"
                        }
                    }
                },
                "1530209739998": {
                    "43595fe0-7aff-11e8-aa80-f9823e24a8fd": {
                        "ip": "::ffff:127.0.0.1",
                        "body": {
                            "isValid": true,
                            "tree": "DataMaker"
                        }
                    }
                },
                "1530209740383": {
                    "43941ef0-7aff-11e8-aa80-f9823e24a8fd": {
                        "ip": "::ffff:127.0.0.1",
                        "body": {
                            "isValid": true,
                            "tree": "DataMaker"
                        }
                    }
                },
                "1530209740763": {
                    "43ce1ab0-7aff-11e8-aa80-f9823e24a8fd": {
                        "ip": "::ffff:127.0.0.1",
                        "body": {
                            "isValid": true,
                            "tree": "DataMaker"
                        }
                    }
                },
                "1530209774459": {
                    "57e3b4b0-7aff-11e8-a5b4-590c2f243b2e": {
                        "ip": "::ffff:127.0.0.1",
                        "body": {
                            "isValid": true,
                            "tree": "DataMaker"
                        }
                    }
                },
                "1530209774853": {
                    "581fd350-7aff-11e8-a5b4-590c2f243b2e": {
                        "ip": "::ffff:127.0.0.1",
                        "body": {
                            "isValid": true,
                            "tree": "DataMaker"
                        }
                    }
                },
                "1530209775228": {
                    "58590bc0-7aff-11e8-a5b4-590c2f243b2e": {
                        "ip": "::ffff:127.0.0.1",
                        "body": {
                            "isValid": true,
                            "tree": "DataMaker"
                        }
                    }
                },
                "1530209775628": {
                    "589614c0-7aff-11e8-a5b4-590c2f243b2e": {
                        "ip": "::ffff:127.0.0.1",
                        "body": {
                            "isValid": true,
                            "tree": "DataMaker"
                        }
                    }
                },
                "1530209776016": {
                    "58d14900-7aff-11e8-a5b4-590c2f243b2e": {
                        "ip": "::ffff:127.0.0.1",
                        "body": {
                            "isValid": true,
                            "tree": "DataMaker"
                        }
                    }
                },
                "1530209776379": {
                    "5908acb0-7aff-11e8-a5b4-590c2f243b2e": {
                        "ip": "::ffff:127.0.0.1",
                        "body": {
                            "isValid": true,
                            "tree": "DataMaker"
                        }
                    }
                },
                "1530209776774": {
                    "5944f260-7aff-11e8-a5b4-590c2f243b2e": {
                        "ip": "::ffff:127.0.0.1",
                        "body": {
                            "isValid": true,
                            "tree": "DataMaker"
                        }
                    }
                },
                "1530210509646": {
                    "0e1856e0-7b01-11e8-ade0-8d9620ae6d21": {
                        "ip": "::ffff:127.0.0.1",
                        "body": {
                            "isValid": true,
                            "tree": "DataMaker",
                            "scent": true
                        }
                    }
                },
                "1530211029053": {
                    "43af8ed0-7b02-11e8-91c4-7bcde91940b9": {
                        "ip": "::ffff:127.0.0.1",
                        "body": {
                            "isValid": true,
                            "tree": "DataMaker",
                            "scent": true
                        }
                    }
                },
                "1530211068340": {
                    "5b1a4740-7b02-11e8-b60f-9bc20857df9f": {
                        "ip": "::ffff:127.0.0.1",
                        "body": {
                            "isValid": true,
                            "tree": "DataMaker",
                            "scent": true
                        }
                    }
                },
                "1530211111155": {
                    "749f5430-7b02-11e8-9931-b198d0300710": {
                        "ip": "::ffff:127.0.0.1",
                        "body": {
                            "isValid": true,
                            "tree": "DataMaker",
                            "scent": true
                        }
                    }
                },
                "1530211183834": {
                    "9ff143a0-7b02-11e8-a093-b910f391ec93": {
                        "ip": "::ffff:127.0.0.1",
                        "body": {
                            "isValid": true,
                            "tree": "DataMaker",
                            "scent": true
                        }
                    }
                },
                "1530211275268": {
                    "d670fc40-7b02-11e8-bb21-cdf8ba12fcd2": {
                        "ip": "::ffff:127.0.0.1",
                        "body": {
                            "isValid": true,
                            "tree": "DataMaker",
                            "scent": true
                        }
                    }
                },
                "1530211300708": {
                    "e59ad240-7b02-11e8-9b08-bf7f274a5bd2": {
                        "ip": "::ffff:127.0.0.1",
                        "body": {
                            "isValid": true,
                            "tree": "DataMaker",
                            "scent": true
                        }
                    }
                },
                "1530211356188": {
                    "06ac65c0-7b03-11e8-9fe8-5fc6baa7f5b1": {
                        "ip": "::ffff:127.0.0.1",
                        "body": {
                            "isValid": true,
                            "tree": "DataMaker",
                            "scent": true
                        }
                    }
                },
                "1530211455378": {
                    "41cb9720-7b03-11e8-a95f-47a47f70104d": {
                        "ip": "::ffff:127.0.0.1",
                        "body": {
                            "isValid": true,
                            "tree": "DataMaker",
                            "scent": true
                        }
                    }
                },
                "1530211455578": {
                    "41ea1ba0-7b03-11e8-a95f-47a47f70104d": {
                        "ip": "::ffff:127.0.0.1",
                        "body": {
                            "login": true,
                            "tree": "DataMaker",
                            "key": "DataMeUp"
                        }
                    }
                },
                "1530211586444": {
                    "8feaacc0-7b03-11e8-9968-7f191b5bee53": {
                        "ip": "::ffff:127.0.0.1",
                        "body": {
                            "isValid": true,
                            "tree": "DataMaker",
                            "scent": true
                        }
                    }
                },
                "1530211586644": {
                    "90093141-7b03-11e8-9968-7f191b5bee53": {
                        "ip": "::ffff:127.0.0.1",
                        "body": {
                            "login": true,
                            "tree": "DataMaker",
                            "key": "DataMeUp"
                        }
                    }
                },
                "1530211647839": {
                    "b482cef0-7b03-11e8-bd66-adb5ff442be9": {
                        "ip": "::ffff:127.0.0.1",
                        "body": {
                            "isValid": true,
                            "tree": "DataMaker",
                            "scent": true
                        }
                    }
                },
                "1530211648041": {
                    "b4a1a191-7b03-11e8-bd66-adb5ff442be9": {
                        "ip": "::ffff:127.0.0.1",
                        "body": {
                            "login": true,
                            "tree": "DataMaker",
                            "key": "DataMeUp"
                        }
                    }
                },
                "1530211667822": {
                    "c06bf8e0-7b03-11e8-96e3-c74cf103178f": {
                        "ip": "::ffff:127.0.0.1",
                        "body": {
                            "isValid": true,
                            "tree": "DataMaker",
                            "scent": true
                        }
                    }
                },
                "1530211772643": {
                    "fee66330-7b03-11e8-8ee8-bbe06936e0d7": {
                        "ip": "::ffff:127.0.0.1",
                        "body": {
                            "isValid": true,
                            "tree": "DataMaker",
                            "scent": true
                        }
                    }
                },
                "1530211823919": {
                    "1d767bf0-7b04-11e8-a400-3f655c9bf8a5": {
                        "ip": "::ffff:127.0.0.1",
                        "body": {
                            "isValid": true,
                            "tree": "DataMaker",
                            "scent": true
                        }
                    }
                },
                "1530211981818": {
                    "7b93f5a0-7b04-11e8-a5a5-c914b0d55196": {
                        "ip": "::ffff:127.0.0.1",
                        "body": {
                            "isValid": true,
                            "tree": "DataMaker",
                            "scent": true
                        }
                    }
                },
                "1530212066677": {
                    "ae286a50-7b04-11e8-bf7f-7d5a4a2a52bb": {
                        "ip": "::ffff:127.0.0.1",
                        "body": {
                            "isValid": true,
                            "tree": "DataMaker",
                            "scent": true
                        }
                    }
                },
                "1530212139559": {
                    "d9995370-7b04-11e8-b8fc-1d3eecc9c829": {
                        "ip": "::ffff:127.0.0.1",
                        "body": {
                            "isValid": true,
                            "tree": "DataMaker",
                            "scent": true
                        }
                    }
                },
                "1530212250702": {
                    "1bd8dc10-7b05-11e8-abf9-9b62017141ae": {
                        "ip": "::ffff:127.0.0.1",
                        "body": {
                            "isValid": true,
                            "tree": "DataMaker",
                            "scent": true
                        }
                    }
                },
                "1530212359764": {
                    "5cd9f140-7b05-11e8-ba04-8b7ff52c04b7": {
                        "ip": "::ffff:127.0.0.1",
                        "body": {
                            "login": true,
                            "tree": "DataMaker",
                            "key": "DataMeUp"
                        }
                    }
                },
                "1530212380398": {
                    "692670e0-7b05-11e8-8e3a-076d627511c3": {
                        "ip": "::ffff:127.0.0.1",
                        "body": {
                            "isValid": true,
                            "tree": "DataMaker",
                            "scent": true
                        }
                    }
                },
                "1530215733836": {
                    "37f478c0-7b0d-11e8-a1c2-27745e2545d1": {
                        "ip": "::ffff:127.0.0.1",
                        "body": {
                            "isValid": true,
                            "tree": "DataMaker",
                            "scent": true
                        }
                    }
                }
            },
            "::ffff:192.168.0.7": {
                "1530215646326": {
                    "03cb8161-7b0d-11e8-b705-7918f8a93cb5": {
                        "ip": "::ffff:192.168.0.7",
                        "body": {
                            "login": true,
                            "tree": "DataMaker",
                            "key": "DataMeUp"
                        }
                    }
                }
            },
            "::ffff:192.168.0.12": {
                "1530216545362": {
                    "1ba98321-7b0f-11e8-ab12-c52cb9638454": {
                        "ip": "::ffff:192.168.0.12",
                        "body": {
                            "login": true,
                            "tree": "DataMaker",
                            "key": "DataMeUp"
                        }
                    }
                },
                "1530216672159": {
                    "673d5a00-7b0f-11e8-8264-690871af2954": {
                        "ip": "::ffff:192.168.0.12",
                        "body": {
                            "isValid": true,
                            "tree": "DataMaker",
                            "scent": true
                        }
                    }
                },
                "1530216715872": {
                    "814b4600-7b0f-11e8-a65e-3def5b3dba02": {
                        "ip": "::ffff:192.168.0.12",
                        "body": {
                            "isValid": true,
                            "tree": "DataMaker",
                            "scent": true
                        }
                    }
                },
                "1530216809640": {
                    "b92f2280-7b0f-11e8-a1df-3730d4c5bd9d": {
                        "ip": "::ffff:192.168.0.12",
                        "body": {
                            "isValid": true,
                            "tree": "DataMaker",
                            "scent": true
                        }
                    }
                },
                "1530216923485": {
                    "fd0a80d0-7b0f-11e8-8299-0555af7c67a4": {
                        "ip": "::ffff:192.168.0.12",
                        "body": {
                            "isValid": true,
                            "tree": "DataMaker",
                            "scent": true
                        }
                    }
                },
                "1530217017362": {
                    "34feff20-7b10-11e8-8dc7-5f913711fc6b": {
                        "ip": "::ffff:192.168.0.12",
                        "body": {
                            "isValid": true,
                            "tree": "DataMaker",
                            "scent": true
                        }
                    }
                },
                "1530217356997": {
                    "ff6f2f50-7b10-11e8-8f85-895d6f7e9a9e": {
                        "ip": "::ffff:192.168.0.12",
                        "body": {
                            "isValid": true,
                            "tree": "DataMaker",
                            "scent": true
                        }
                    }
                },
                "1530217751470": {
                    "ea8f23f0-7b11-11e8-8eba-636c3855032f": {
                        "ip": "::ffff:192.168.0.12",
                        "body": {
                            "isValid": true,
                            "tree": "DataMaker",
                            "scent": true
                        }
                    }
                },
                "1530288751045": {
                    "399a8660-7bb7-11e8-a74f-cfa2b6ee1fa9": {
                        "ip": "::ffff:192.168.0.12",
                        "body": {
                            "isValid": true,
                            "tree": "DataMaker",
                            "scent": true
                        }
                    }
                },
                "1530288826658": {
                    "66ac2730-7bb7-11e8-b090-450a2bcd23b0": {
                        "ip": "::ffff:192.168.0.12",
                        "body": {
                            "isValid": true,
                            "tree": "DataMaker",
                            "scent": true
                        }
                    }
                },
                "1530288848301": {
                    "7394bfc0-7bb7-11e8-869d-11f5a95ef5b9": {
                        "ip": "::ffff:192.168.0.12",
                        "body": {
                            "isValid": true,
                            "tree": "DataMaker",
                            "scent": true
                        }
                    }
                },
                "1530290069062": {
                    "4b33ce60-7bba-11e8-b9ac-e33eeebe60b8": {
                        "ip": "::ffff:192.168.0.12",
                        "body": {
                            "isValid": true,
                            "tree": "DataMaker",
                            "scent": true
                        }
                    }
                },
                "1530290151290": {
                    "7c36cda0-7bba-11e8-9b2d-2572f91223d9": {
                        "ip": "::ffff:192.168.0.12",
                        "body": {
                            "isValid": true,
                            "tree": "DataMaker",
                            "scent": true
                        }
                    }
                },
                "1530291340913": {
                    "4148de10-7bbd-11e8-b462-2b0914fa4e4d": {
                        "ip": "::ffff:192.168.0.12",
                        "body": {
                            "isValid": true,
                            "tree": "DataMaker",
                            "scent": true
                        }
                    }
                },
                "1530291461989": {
                    "89739950-7bbd-11e8-bc29-4b1861bbfc75": {
                        "ip": "::ffff:192.168.0.12",
                        "body": {
                            "isValid": true,
                            "tree": "DataMaker",
                            "scent": true
                        }
                    }
                },
                "1530291603633": {
                    "dde0e920-7bbd-11e8-a370-65d0e11711ad": {
                        "ip": "::ffff:192.168.0.12",
                        "body": {
                            "isValid": true,
                            "tree": "DataMaker",
                            "scent": true
                        }
                    }
                },
                "1530291653943": {
                    "fbdd7470-7bbd-11e8-91f7-7797674b74bd": {
                        "ip": "::ffff:192.168.0.12",
                        "body": {
                            "isValid": true,
                            "tree": "DataMaker",
                            "scent": true
                        }
                    }
                },
                "1530291696104": {
                    "14feb680-7bbe-11e8-b930-c3936f454388": {
                        "ip": "::ffff:192.168.0.12",
                        "body": {
                            "isValid": true,
                            "tree": "DataMaker",
                            "scent": true
                        }
                    }
                },
                "1530291729699": {
                    "29050e40-7bbe-11e8-b7bd-71f64f4d528a": {
                        "ip": "::ffff:192.168.0.12",
                        "body": {
                            "isValid": true,
                            "tree": "DataMaker",
                            "scent": true
                        }
                    }
                },
                "1530291748328": {
                    "341f7680-7bbe-11e8-86bc-ef57a57bebba": {
                        "ip": "::ffff:192.168.0.12",
                        "body": {
                            "isValid": true,
                            "tree": "DataMaker",
                            "scent": true
                        }
                    }
                },
                "1530298144142": {
                    "18533ae0-7bcd-11e8-b8bf-7d99ceddc81e": {
                        "ip": "::ffff:192.168.0.12",
                        "body": {
                            "isValid": true,
                            "tree": "DataMaker",
                            "scent": true
                        }
                    }
                },
                "1530298454751": {
                    "d1768e00-7bcd-11e8-9718-011cd63dcd84": {
                        "ip": "::ffff:192.168.0.12",
                        "body": {
                            "isValid": true,
                            "tree": "DataMaker",
                            "scent": true
                        }
                    }
                },
                "1530298631094": {
                    "3a923560-7bce-11e8-a40e-6140ff34b5d4": {
                        "ip": "::ffff:192.168.0.12",
                        "body": {
                            "isValid": true,
                            "tree": "DataMaker",
                            "scent": true
                        }
                    }
                },
                "1530298736498": {
                    "7965bc30-7bce-11e8-ae15-f52ce5d179a4": {
                        "ip": "::ffff:192.168.0.12",
                        "body": {
                            "isValid": true,
                            "tree": "DataMaker",
                            "scent": true
                        }
                    }
                },
                "1530298778632": {
                    "9282b880-7bce-11e8-972b-cf27249ca5e5": {
                        "ip": "::ffff:192.168.0.12",
                        "body": {
                            "isValid": true,
                            "tree": "DataMaker",
                            "scent": true
                        }
                    }
                },
                "1530299112399": {
                    "597385f0-7bcf-11e8-83b9-97db96bfe358": {
                        "ip": "::ffff:192.168.0.12",
                        "body": {
                            "isValid": true,
                            "tree": "DataMaker",
                            "scent": true
                        }
                    }
                },
                "1530299239796": {
                    "a562ea50-7bcf-11e8-8074-150210f0584f": {
                        "ip": "::ffff:192.168.0.12",
                        "body": {
                            "isValid": true,
                            "tree": "DataMaker",
                            "scent": true
                        }
                    }
                },
                "1530299249850": {
                    "ab60e1a0-7bcf-11e8-8074-150210f0584f": {
                        "ip": "::ffff:192.168.0.12",
                        "body": {}
                    }
                },
                "1530299337836": {
                    "dfd27ac0-7bcf-11e8-9672-75d4df853e40": {
                        "ip": "::ffff:192.168.0.12",
                        "body": {
                            "isValid": true,
                            "tree": "DataMaker",
                            "scent": true
                        }
                    }
                },
                "1530299470400": {
                    "2ed64b10-7bd0-11e8-9575-ffbed4bf1d4c": {
                        "ip": "::ffff:192.168.0.12",
                        "body": {
                            "isValid": true,
                            "tree": "DataMaker",
                            "scent": true
                        }
                    }
                },
                "1530299477412": {
                    "33041640-7bd0-11e8-9575-ffbed4bf1d4c": {
                        "ip": "::ffff:192.168.0.12",
                        "body": {}
                    }
                },
                "1530299569915": {
                    "6a2713c0-7bd0-11e8-b147-f5dd6a45779d": {
                        "ip": "::ffff:192.168.0.12",
                        "body": {
                            "isValid": true,
                            "tree": "DataMaker",
                            "scent": true
                        }
                    }
                },
                "1530299611500": {
                    "82f04ac0-7bd0-11e8-8d36-c53aefcb84e2": {
                        "ip": "::ffff:192.168.0.12",
                        "body": {
                            "isValid": true,
                            "tree": "DataMaker",
                            "scent": true
                        }
                    }
                },
                "1530299618529": {
                    "8720d510-7bd0-11e8-8d36-c53aefcb84e2": {
                        "ip": "::ffff:192.168.0.12",
                        "body": {}
                    }
                },
                "1530299664837": {
                    "a2badf50-7bd0-11e8-9dfd-9580903a5ab9": {
                        "ip": "::ffff:192.168.0.12",
                        "body": {
                            "isValid": true,
                            "tree": "DataMaker",
                            "scent": true
                        }
                    }
                },
                "1530299669874": {
                    "a5bb7520-7bd0-11e8-9dfd-9580903a5ab9": {
                        "ip": "::ffff:192.168.0.12",
                        "body": {}
                    }
                },
                "1530299802394": {
                    "f4b88eb0-7bd0-11e8-bf5f-a781bfd0f745": {
                        "ip": "::ffff:192.168.0.12",
                        "body": {
                            "isValid": true,
                            "tree": "DataMaker",
                            "scent": true
                        }
                    }
                },
                "1530301750923": {
                    "7e2255b0-7bd5-11e8-b47a-ad50ebc86ad0": {
                        "ip": "::ffff:192.168.0.12",
                        "body": {
                            "isValid": true,
                            "tree": "DataMaker",
                            "scent": true
                        }
                    }
                },
                "1530301927532": {
                    "e766e1d0-7bd5-11e8-a4b0-133a2f1a51e0": {
                        "ip": "::ffff:192.168.0.12",
                        "body": {
                            "isValid": true,
                            "tree": "DataMaker",
                            "scent": true
                        }
                    }
                },
                "1530302074980": {
                    "3f498240-7bd6-11e8-aa99-a3a72856335f": {
                        "ip": "::ffff:192.168.0.12",
                        "body": {
                            "isValid": true,
                            "tree": "DataMaker",
                            "scent": true
                        }
                    }
                },
                "1530332205988": {
                    "66c49d50-7c1c-11e8-90da-df4e62303da4": {
                        "ip": "::ffff:192.168.0.12",
                        "body": {
                            "isValid": true,
                            "tree": "DataMaker",
                            "scent": true
                        }
                    }
                }
            }
        },
        "badLogins": {
            "::ffff:127.0.0.1": {
                "1530211455563": {
                    "41e7d1b0-7b03-11e8-a95f-47a47f70104d": {
                        "ip": "::ffff:127.0.0.1",
                        "tree": "DataMaker",
                        "badKey": "DataMeUp"
                    }
                },
                "1530211586644": {
                    "90093140-7b03-11e8-9968-7f191b5bee53": {
                        "ip": "::ffff:127.0.0.1",
                        "tree": "DataMaker",
                        "badKey": "DataMeUp"
                    }
                },
                "1530211648041": {
                    "b4a1a190-7b03-11e8-bd66-adb5ff442be9": {
                        "ip": "::ffff:127.0.0.1",
                        "tree": "DataMaker",
                        "badKey": "DataMeUp"
                    }
                },
                "1530212359748": {
                    "5cd78040-7b05-11e8-ba04-8b7ff52c04b7": {
                        "ip": "::ffff:127.0.0.1",
                        "tree": "DataMaker",
                        "badKey": "DataMeUp"
                    }
                }
            },
            "::ffff:192.168.0.7": {
                "1530215646326": {
                    "03cb8160-7b0d-11e8-b705-7918f8a93cb5": {
                        "ip": "::ffff:192.168.0.7",
                        "tree": "DataMaker",
                        "badKey": "DataMeUp"
                    }
                }
            },
            "::ffff:192.168.0.12": {
                "1530216545362": {
                    "1ba98320-7b0f-11e8-ab12-c52cb9638454": {
                        "ip": "::ffff:192.168.0.12",
                        "tree": "DataMaker",
                        "badKey": "DataMeUp"
                    }
                }
            }
        }
    }
}