{
    "settings": {
        "name": "my-guy",
        "key": "heyGabbaGabba",
        "port": 4422,
        "root": "/yggdrasil",
        "debug": true
    },
    "plugins": {
        "interface-cli": true
    },
    "main": {
        "testbuddy": {
            "type": "/tree_modules/testbuddy"
            , "inputs": {}
        }
    },
    "forest": {
        "remoteOriginName": {
            "keyHole": "aHashOfTheKey"
            , "path": "https://www.google.com/"
        }
    }
}