{
    "users": {
        "jermmDev": {
            "password": "fqwhwgahds"
        }
    }
    , "types": {
        "int": "basic"
        , "apiJermmBot": "stock"
        , "express": "npm"
    }
    , "stockBots": {
        "hostJermmBot": {
            "desc": "A web hosting utility based on express.js."
            , "params": {
                "port": {
                    "desc": "The port on which this host should listen."
                    , "type": "int"
                    , "required": true
                }
                , "apis": {
                    "desc": "An array of apiJermmBots that run on this host."
                    , "type": "group:apiJermmBot"
                    }
                }
            }
        }
        , "apiJermmBot": {
            "desc": "An API building utility for a hostJermmBot."
            , "params": {
                "apiHeader": {
                    "desc": "The header text to display across the API"
                    , "type": "string"
                }
            , "functions": {
                "jermmBotLogic": {
                    "desc": "The central logic through which the hosts passes a bot in."
                    , "params": {
                        "bot": {
                            "desc": "An express --app-- bot instance."
                            , "type": "express"
                            }
                        }
                    }
                }
            }
        }
    , "projects": {
        "Game Night": {
            "Game Night Host": {
                "stockBot": "hostJermmBot"
                , "port": 4422
                , "apis": {
                    "Game Night API": {
                        "stockBot": "apiJermmBot"
                        , "apiHeader": "Game Night"
                        }
                    }
                }
            }
        }
    }