{
    "users": {
        "jermmdev": {
            "password": "fqwhwgahds"
        }
    }
    , "models": {
        "basic": {
            "this is where recursion goes to die": true
        }
        , "modules": {
            "apiJermmBot": {
                "desc": "A bot for creating an API in a jermmHost."
                , "inputs": {
                    "apiHeader": {
                        "desc": "The name of the API as displayed in navigation."
                        , "model": "basic:string"
                    }, "paths": {
                        "desc": "The group of endpoints on which the api will listen."
                        , "model": "group:module:jermmApiPath:required"
                    }
                }, "properties": {
                }, "functions": {
                    "jermmBotLogic": {
                        "desc": "The logic called by the jermmHost."
                        , "model": "function:jermmApiLogic"
                    }
                }
            }
        }, "functions": {
            "jermmApiLogic": {
                "desc": "Register a jermm api with an express bot."
                , "inputs": {
                    "bot": {
                        "desc": "An instance of an express app."
                        , "model": "module:express"
                    }
                }
                , "code": "alert('hello world';)"
                , "return": null
            }

        }, "data": {

        }
    }, "projects": {
        "Game Night": {
            "model": "module:hostJermmBot"
            , "inputs": {
                "port": 4422
                , "apis": {
                    "Game Night API": {
                        "apiHeader": "Game Night"
                        }
                    }
                }
            }
        }
    }