{
    "models": {
        "modules": {
            "apiJermmBot": {
                "desc": "A bot for creating an API in a jermmHost."
                , "inputs": {
                    "apiHeader": {
                        "desc": "The name of the API as displayed in navigation."
                        , "model": "data/string"
                    }, "paths": {
                        "desc": "The group of endpoints on which the api will listen."
                        , "isGroup": true
                        , "model": "modules/apiJermmPath"
                    }
                }, "properties": {
                    "someLogic": {
                        "desc": "The logic called by the jermmHost."
                        , "model": "modules/logicRef"
                        , "inputs": {}
                        , "returns": {}
                    }
                }
            }
            , "logicRef": {
                "desc": "Register a jermm api with an express bot."
                , "module": "logiRefObj"
                , "inputs": {
                    "bot": {
                        "desc": "An instance of an express app."
                        , "model": null
                    }
                }
                , "code": "alert('hello world';)"
                , "return": "data/null"
            }
        }, "data": {
            "string": "string"
            , "null": "null"
        }
    }
}