{
    "models": {
        "anonymous": {
            "module": null,
            "data": null
        },
        "modules": {
            "logicRef": {
                "desc": "Register a jermm api with an express bot.",
                "module": "logiRefObj",
                "inputs": {
                    "bot": {
                        "desc": "An instance of an express app.",
                        "model": null
                    }
                },
                "code": "alert('hello world';)",
                "return": "data/null"
            },
            "express": {
                "desc": "Web hosting server available through npm.",
                "inputs": {
                    "apiHeader": {
                        "desc": "The name of the API as displayed in navigation.",
                        "model": "data/string"
                    },
                    "paths": {
                        "desc": "The group of endpoints on which the api will listen.",
                        "isGroup": true,
                        "model": "modules/apiJermmPath"
                    }
                },
                "properties": {
                    "asdfasdfff": {},
                    "use": {
                        "desc": "Registers an express plugin or view directory.",
                        "model": "anonymous/module"
                    }
                }
            }
        },
        "data": {
            "string": "string",
            "null": "null"
        }
    }
}