{
    "models": {
        "anonymous": {
            "module": "anonModule",
            "bot": "anonBot",
            "data": "anonData"
        },
        "bots": {
            "pugHost": {
                "desc": "A web host.",
                "dependencies": {
                    "express": {
                        "desc": "Npm express server."
                        , "model": "npm/express"
                    },
                    "cookieParser": {
                        "desc": "Cookie parser."
                        , "model": "npm/cookie-parser"
                    },
                    "pug": {
                        "desc": "Pug yo."
                        , "model": "npm/pug"
                    },
                    "path": {
                        "desc": "Native path package."
                        , "model": "node/path"
                    }, 
                    "htmlBubbler": {
                        "desc": "Jermm's html bubbler."
                        , "model": "modules/htmlBubbler"
                    },
                    "fs": {
                        "desc": "Native file system explorer"
                        , "model": "node/fs"
                    }
                },
                "inputs": {
                    "port": {
                        "desc": "The port on which this host will listen."
                        , "model": "data/int"
                    }, 
                    "viewsDir": {
                        "desc": "The pug view directory."
                        , "model": "data/string"
                    },
                    "listener": {
                        "desc": "The logic with which to listen on post requests.  Every public method will be registered as a post listener and fed the request."
                        , "model": "anonymous/module"
                    },
                    "repo": {
                        "desc": "Data model. Made available to views as \"repo\"."
                        , "model": "module/repository"
                    }
                }, 
                "properties": {}, 
                "code": "let path = options.path\r\nlet fs = options.fs\r\nlet express = options.express\r\nlet pug = options.pug\r\nlet bubbler = options.htmlBubbler\r\n\r\nlet viewsDir = options.viewsDir || '/'\r\nlet repo = options.repo || {}\r\nlet listener = options.listener || {}\r\nlet port = options.port || 3000\r\nlet rootPath = options.rootPath || '/'\r\n\r\nlet bot = express()\r\n    bot.use(options.cookieParser())\r\n    bot.use(express.json())\r\n    bot.use(express.urlencoded())\r\n\r\nlet notFoundPageExists = fs.existsSync(path.join(viewsDir, '/404.pug'))\r\nlet errorPageExists = fs.existsSync(path.join(viewsDir, '/503.pug'))\r\n\r\nlet generateGetParams = function(req){\r\n    let url = req.url\r\n    if(url.charAt(0) != '/') url = url.substring(1, url.length)\r\n    let getStart = url.indexOf('?') + 1\r\n    let getString = url.substring(getStart, url.length)\r\n    let getSplit = getString.split('&')\r\n    let getParams = {}\r\n    for(let ind in getSplit){\r\n        let paramSplit = getSplit[ind].split('=')\r\n        getParams[decodeURI(paramSplit[0])] = decodeURI(paramSplit[1])\r\n        }\r\n    req.getParams = getParams\r\n    return req\r\n    }\r\nlet getHandler = function(req, res){\r\n    req = generateGetParams(req)\r\n    let response = ''\r\n    let filePath = path.join(viewsDir, path.join(req.path, '/index.pug'))\r\n    let pugInput = {repo: repo, req: req}\r\n    if(fs.existsSync(filePath)){\r\n        try{\r\n            response = pug.renderFile(filePath, pugInput)\r\n        }catch(error){\r\n            console.log('--start: error rendering pug file--')\r\n            console.log(error)\r\n            console.log('--end: error rendering pug file--')\r\n            res.status(503)\r\n            if(errorPageExists){\r\n                response = pug.renderFile(path.join(viewsDir,'/503.pug'), pugInput)\r\n            }else{\r\n                response = '<html><head><title>503: Error</title></head><body><h1>503: Oops, my bad.</h1></body></html>'\r\n            }\r\n            res.send(response)\r\n            return;\r\n        }\r\n    } else {\r\n        res.status(404)\r\n        if(notFoundPageExists){\r\n            response = pug.renderFile(path.join(viewsDir,'/404.pug'), pugInput)\r\n        }else{\r\n            response = '<html><head><title>404: Not Found</title></head><body><h1>404: Path not found. (' + req.path + ')</h1></body></html>'\r\n        }\r\n        res.send(response)\r\n        return\r\n    }\r\n    response = bubbler.bubble(response)\r\n    res.status(200).send(response)\r\n    }\r\n\r\nconsole.log('listener')\r\nconsole.log(listener)\r\nconsole.log('--listener')\r\nlet postHandler = function(req, res){\r\n    req = generateGetParams(req)\r\n    let secondSlash = req.path.indexOf('/', 1)\r\n    if(secondSlash == -1) secondSlash = req.path.length\r\n    let command = req.path.substring(1,secondSlash)\r\n    if(listener.hasOwnProperty(command)){\r\n        let response = null;\r\n        try{\r\n            console.log('trying listener at: ' + command)\r\n            response = listener[command](req)\r\n        }catch(error){\r\n            res.status(503).send('503: Oops, my bad.')\r\n            return;\r\n        }\r\n        res.status(200).send(response)\r\n        return\r\n    }else{\r\n        res.status(404).send('404: Unknown Command (' + command + ')')\r\n        return\r\n    } \r\n    }\r\n\r\nlet listenPath = '/*'\r\nif(rootPath.length && rootPath.length > 1) listenPath = path.join(rootPath, '/*')\r\nbot.get(listenPath, getHandler)\r\nbot.post(listenPath, postHandler)\r\nbot.listen(port, function(){\r\n    console.log('pugHost listening on port: ' + port)\r\n})"
            }
            , "repository": {
                "desc": "A data model."
                , "dependencies": {
                    "desc": ""
                    , "jsonDb": {
                        "desc": "for database management"
                        , "model": "npm/node-json-db"
                        }
                }, 
                "inputs": {
                    "database": "basic/string"
                }, 
                "code": "let JsonDB = options.jsonDb\r\nlet db = new JsonDB(options.database, false, true)\r\n\r\nlet getData = function(address){\r\n    db.reload()\r\n    let dataResponse = {};\r\n    try{\r\n        dataResponse = db.getData(address)\r\n    }catch(error){\r\n        console.log('Error fetching data at: ' + address);\r\n    }\r\n    return JSON.parse(JSON.stringify(dataResponse))\r\n    }\r\nthis.getData = getData\r\n\r\nlet deleteData = function(address){\r\n    try{\r\n        db.delete(address)\r\n        db.save()\r\n        }\r\n    catch(error){\r\n        console.log('Error deleting data at: ' + address)\r\n        }\r\n    }\r\nthis.deleteData = deleteData\r\n\r\nlet pushData = function(address, data){\r\n    db.push(address, data)\r\n    db.save()\r\n    }\r\nthis.pushData = pushData\r\nthis.moveData = function(oldAddress, newAddress){\r\n    let theData = getData(oldAddress)\r\n    if(!theData) {\r\n        theData = {}\r\n        console.log('No original data found at: ' + oldAddress)\r\n        }\r\n    deleteData(oldAddress)\r\n    pushData(newAddress, theData, false)\r\n    db.save()\r\n    }"
            }
            , "postListener": {
                "desc": "A the post listener for the main ui."
                , "dependencies": {
                }, 
                "inputs": {
                    "repo": "bot/repository"
                }, 
                "code": "this.pushData = function(req){\r\n    console.log('listening: addr: ' + req.body.pushAddress)\r\n    console.log(req.body.pushData)\r\n    options.repo.pushData(req.body.pushAddress, req.body.pushData)\r\n    return 'pushed yo'\r\n}"
            }
        },
        "modules": {
            "htmlBubbler": {
                "desc": "A utility for relocating script and style tags to be more efficient for the client."
                , "dependencies": {
                    "cheerio": {
                        "desc": "For navigating the html."
                        , "model": "npm/cheerio"
                    }
                }
                , "properties": {
                    "bubble": {
                        "desc": "Bubbles styles from body to head.  Moves scripts to end of document unless magic flag present."
                        , "model": "function"
                        , "inputs": {
                            "htmlBody": {
                                "desc": "An html document string."
                                , "model": "data/string"
                            }
                        }, 
                        "return": {
                            "newHtmlBody": {
                                "desc": "The bubbled document string."
                                , "model": "data/string"
                            }
                        }
                    }
                },
                "code": "let cheerio = options.cheerio\r\nlet $ = null\r\nlet harvestCss = function(){\r\n    let styles = $('body').find('style')\r\n    styles.each(function(key, value){\r\n        let style = $(value)\r\n        style.remove().appendTo('head')\r\n        })\r\n    }\r\nlet harvestJs = function(htmlBody){\r\n    let headerScripts = $('body').find('script.headerScript')\r\n    let allTheRest = $('body').find('script:not(.inlineScript):not(.headerScript)')\r\n    let footerScripts = $('body').find('script.footerScript')\r\n    headerScripts.each(function(key, value){\r\n        let script = $(value)\r\n        script = script.remove()\r\n        $('head').append(script)\r\n        })\r\n    allTheRest.each(function(key, value){\r\n        let script = $(value)\r\n        script.remove()\r\n        $('body').append(script)\r\n        })\r\n    footerScripts.each(function(key, value){\r\n        let script = $(value)\r\n        script.remove()\r\n        $('body').append(script)\r\n        })\r\n    }\r\nthis.bubble = function(htmlBody){\r\n    $ = cheerio.load(htmlBody)\r\n    harvestCss()\r\n    harvestJs()\r\n    return $.html()\r\n    }"
            }
        },
        "npm": {
            "express": {
                "someProperties": "for ui use"
                , "dependenciesVerified": true
            }
        },
        "node": {
            "path": {
                "native node stuff": "for ui use"
                , "dependenciesVerified": true
            }
        },
        "data": {
            "string": "string",
            "null": "null",
            "int": "int",
            "json": "json"
        }
    },
    "scripts": {
        "jermmAdmin": {
            "repository": {
                "model": "bots/repository"
                , "inputs": {
                    "database": "basic/string//yggdrasil/jermmBots/yggdrasil/db.json"
                }
            },
            "listener": {
                "model": "bots/postListener"
                , "inputs": {
                    "repo": "locals/repository"
                }
            }, 
            "host": {
                "model": "bots/pugHost"
                , "inputs": {
                    "port": "basic/int/4200"
                    , "viewsDir": "basic/string//yggdrasil/jermmBots/yggdrasil/views"
                    , "listener": "locals/listener"
                    , "repo": "locals/repository"
                }
            }
        }
    },
    "data": {
        "someSpecialType": {
            "name": "bob"
        }
    }
}