{
    "users": {
        "jermmdev": {
            "password": "fqwhwgahds"
        }
    }
    , "models": {
        "basic": {
            "string": null
            , "number": null
            , "null": null
        }
        , "modules": {
            "apiJermmBot": {
                "desc": "A bot for creating an API in a jermmHost."
                , "inputs": {
                    "apiHeader": {
                        "desc": "The name of the API as displayed in navigation."
                        , "model": "basic:string"
                    }, "paths": {
                        "desc": "The group of endpoints on which the api will listen."
                        , "model": null
                    }
                }, "properties": {
                }, "functions": {
                    "jermmBotLogic": {
                        "desc": "The logic called by the jermmHost."
                        , "model": "functions:jermmApiLogic"
                        , "inputs": {}
                        , "returns": {}
                    }
                }
            }
        }, "functions": {
            "jermmApiLogic": {
                "desc": "Register a jermm api with an express bot."
                , "inputs": {
                    "bot": {
                        "desc": "An instance of an express app."
                        , "model": null
                    }
                }
                , "code": "alert('hello world';)"
                , "return": "basic:null"
            }

        }, "data": {

        }
    }, "projects": {
        "Game Night": {
            "model": "modules:hostJermmBot"
            , "inputs": {
                "port": 4422
                , "apis": {
                    "Game Night API": {
                        "apiHeader": "Game Night"
                        }
                    }
                }
            }
        }
    }