{
    "alpha": {
        "training": {
            "matt": {
                "awesome": 7,
                "tester": 1,
                "tee": 1,
                "tww": 2
            },
            "joyce": {
                "awesome": 7
            }
        },
        "brain": {
            "matt": {
                "awesome": 0.3928571428571429,
                "tester": 11.000000000000002,
                "tee": 11.000000000000002,
                "tww": 5.500000000000001
            },
            "joyce": {
                "awesome": 0.25
            }
        }
    }
}